index,entangled_count,weighted_score,total_numbers,answer
9721,7,1.6508307597,53,"Sure, I'll see if I can find the pattern in the sequence you've given, keeping in mind the constrain..."
5496,6,0.0148227627,30,"305
600
777
444
790
305
600
777
444
790
305
600
777
444
790
305
600
777
444
790
305
600
777
444
790
..."
691,5,0.0523315729,25,"527
129
200
740
896
427
129
200
740
896
427
129
200
740
896
427
129
200
740
896
527
129
200
740
896"
3956,5,0.0381282197,41,"757
123
453
854
387
639
578
666
757
123
453
854
387
639
578
666
757
123
453
854
387
639
578
666
757
..."
7561,5,0.0381282197,41,"757
123
453
854
387
639
578
666
757
123
453
854
387
639
578
666
757
123
453
854
387
639
578
666
757
..."
9875,4,0.0270895011,16,"437,122,206,666,775,680,467,666,437,122,206,666,775,680,467,666"
2563,4,0.0232658943,10,"222
555
666
333
444
111
888
222
555
666"
577,4,0.0228027567,10,555 444 666 999 222 555 444 666 999 222
1868,4,0.0216138633,10,555 222 444 666 111 333 555 222 444 666
2606,4,0.0138583325,28,"555
706
142
672
327
777
814
555
706
142
672
327
777
814
555
706
142
672
327
777
814
555
706
142
672
..."
4393,3,1.503911146,10,400 300 100 150 150 100 300 200 250 150
7366,3,0.7641088645,8,"308, 104, 206, 102, 204, 100, 202, 98, 200, 96"
325,3,0.7621164893,10,"500
100
300
600
900
200
900
800
300
500"
6218,3,0.7606888328,13,"[610, 950, 230, 156, 755, 800, 450, 600, 200, 100, 500, 300, 700]"
411,3,0.7606782915,9,"400, 700, 200, 900, 500, 600, 300, 800, 100, 50"
805,3,0.7606782915,9,900 800 700 600 500 400 300 200 100 0
1049,3,0.7606782915,9,"[300, 600, 900, 200, 500, 800, 100, 400, 700, 90]"
1260,3,0.7606782915,9,"400, 500, 600, 700, 800, 900, 300, 200, 100, 50"
9502,3,0.7606782915,9,"800, 100, 300, 500, 600, 80, 200, 400, 700, 900"
6346,3,0.7602879885,11,"932, 336, 110, 633, 100, 200, 300, 400, 500, 600, 700"
3698,3,0.7595208165,8,"800, 600, 720, 450, 200, 120, 100, 50, 300, 60"
6296,3,0.7594126635,10,509;420;860;318;100;200;300;400;500;600
349,3,0.7591620793,9,"600, 550, 464, 400, 350, 280, 200, 150, 100, 50"
1156,3,0.75899749,6,"600
500
400
300
200
100
99
88
77
66"
471,3,0.1376183317,10,"[999, 888, 777, 666, 555, 444, 333, 222, 111, 000]"
701,3,0.1376183317,10,"[999, 888, 777, 666, 555, 444, 333, 222, 111, 000]"
5364,3,0.1376183317,10,"[999, 888, 777, 666, 555, 444, 333, 222, 111, 000]"
9170,3,0.1376183317,10,"222, 666, 444, 888, 111, 333, 777, 555, 999, 000"
9404,3,0.1376183317,10,"777, 444, 999, 111, 333, 555, 222, 666, 888, 000"
9653,3,0.1376183317,10,"999, 888, 777, 666, 555, 444, 333, 222, 111, 000"
3677,3,0.0256290912,10,"999
888
777
666
555
444
333
222
111
001"
9027,3,0.0233263767,10,333;444;555;666;777;888;999;101;202;303
9374,3,0.0231800973,10,"180, 183, 184, 185, 200, 201, 202, 203, 220, 221"
1309,3,0.0229858522,10,"202
454
999
333
111
666
888
222
444
555"
3345,3,0.0223491223,10,"666, 888, 111, 444, 888, 222, 666, 777, 333, 555"
6139,3,0.0222711431,10,202 875 444 987 555 666 777 888 999 123
2619,3,0.0222259155,10,"[333, 222, 666, 777, 888, 999, 111, 444, 555, 666]"
2712,3,0.0222259155,10,"666, 444, 777, 222, 888, 333, 999, 111, 555, 666"
5931,3,0.0206839386,10,"666, 755, 333, 555, 222, 888, 111, 444, 666, 777"
6813,3,0.0206487495,20,612;801;944;322;105;893;804;547;666;333;222;111;888;555;222;111;888;555;222;111
7748,3,0.0206437871,12,"825
666
848
519
732
666
848
519
683
666
848
519"
2694,3,0.0175905919,10,"445,222,555,333,444,555,666,777,888,999"
5481,3,0.0163417681,10,555 777 999 888 555 777 999 888 555 777
9551,3,0.0160527605,10,"301, 420, 555, 222, 333, 444, 555, 666, 777, 888"
7318,3,0.0150702583,10,"221, 365, 180, 716, 661, 444, 555, 666, 777, 888"
3088,3,0.009032172,12,"189
763
555
307
189
763
555
307
189
763
555
307"
320,2,1.4922567337,8,103;101;329;307;100;97;293;291;100;98
7144,2,1.4918616262,18,"369
255
966
936
137
765
450
100
369
255
966
936
137
765
450
100
369
255"
7182,2,1.4917314379,11,100 105 105 237 681 699 557 523 100 105 237
9180,2,1.4915779317,11,"955,100,898,685,247,197,830,569,955,100,898"
9245,2,0.7594735962,10,"800, 500, 450, 700, 550, 590, 120, 100, 200, 150"
3668,2,0.7583308107,11,"456, 789, 416, 662, 231, 500, 300, 100, 900, 200, 700"
3263,2,0.7579528961,14,363;300;522;152;400;200;350;450;250;301;401;501;100;201
9423,2,0.7578523691,10,443;220;179;361;524;200;100;300;500;700
645,2,0.7577591959,7,300 250 100 200 350 150 280
5325,2,0.7577357847,9,167;200;184;100;144;132;111;123;135
9394,2,0.7576333574,10,378 361 425 132 300 200 500 100 400 250
1523,2,0.7576049876,6,"(999, 100, 998, 200, 997, 300)"
8527,2,0.7575143962,10,115;665;582;330;265;200;450;100;350;500
7178,2,0.7573982253,11,991;876;390;556;252;528;158;281;100;500;200
203,2,0.7573273757,8,"784,320,634,500,400,300,200,100,99,98"
8901,2,0.7572778313,10,"(100, 151, 200, 251, 300, 351, 400, 451, 500, 551)"
5450,2,0.7572395046,8,450 400 350 300 250 200 150 100 50 0
4163,2,0.7568448563,8,"275
250
225
200
175
150
125
100
75
50"
4522,2,0.7568245743,11,"398, 233, 926, 152, 420, 213, 864, 967, 300, 200, 100"
220,2,0.7567320208,10,"892
100
277
380
677
801
912
200
365
683"
5329,2,0.7563922694,10,200;325;456;587;718;849;970;100;231;362
3116,2,0.756083018,4,"400
300
200
100
50
40
30
20
10
5"
2081,2,0.7560431712,10,"611
612
613
498
497
200
321
322
323
100"
4584,2,0.7560203307,3,"100
200
300"
4673,2,0.7549551034,10,"342
234
152
100
505
404
303
202
101
505"
7644,2,0.7544205317,7,"614, 413, 311, 303, 202, 101, 100, 90"
9119,2,0.7540193177,10,100;901;204;102;902;203;103;903;202;104
307,2,0.7536817899,10,"287, 302, 404, 505, 606, 707, 808, 909, 100, 202"
1639,2,0.7517219394,9,500 600 700 800 900 100 700 800 900
8925,2,0.7508551122,10,"300
150
160
450
250
360
100
220
330
180"
7535,2,0.7496171943,10,"101
250
300
460
510
600
701
800
910
100"
625,2,0.7488677718,6,"(100, 375, 90, 225, 36, 180, 125, 45, 30, 150, 60)"
5206,2,0.7487648729,10,"471,840,100,621,295,430,180,731,305,584"
6795,2,0.7484328881,11,"578, 669, 225, 710, 415, 990, 401, 300, 600, 800, 100"
8884,2,0.0239886998,10,"142
120
234
200
142
120
234
200
142
120"
2088,2,0.0212470898,10,"(477, 200, 890, 719, 478, 895, 649, 841, 200, 890)"
3585,2,0.0209066103,10,"515
382
790
200
515
382
790
200
515
382"
4683,2,0.0201776611,10,255 222 210 205 203 202 201 200 199 198
4962,2,0.0197823151,10,"408, 504, 500, 400, 202, 304, 106, 200, 102, 108"
9030,2,0.0195545692,10,"(202, 201, 200, 199, 198, 197, 196, 195, 194, 193)"
4729,2,0.0193857215,10,718 717 716 715 714 204 203 202 201 200
380,2,0.0188450643,10,"[610, 809, 504, 908, 202, 200, 197, 194, 191, 188]"
2987,2,0.0186298851,8,"443, 385, 324, 263, 202, 141, 80, 19, 200, 139"
2660,2,0.0172845189,10,"888, 222, 777, 333, 666, 555, 444, 111, 999, 888"
2233,2,0.0171557312,10,"(777, 222, 888, 333, 999, 444, 777, 555, 888, 666)"
9839,2,0.0169669957,10,904 202 707 303 606 101 404 808 505 202
3203,2,0.0169438922,10,"795
282
202
178
869
265
795
282
202
178"
2455,2,0.0169420501,10,"200
321
156
489
234
101
333
555
222
111"
599,2,0.0168211451,10,"444, 555, 333, 666, 777, 222, 888, 999, 111, 333"
1267,2,0.0168211451,10,"999
777
444
333
222
111
888
666
555
333"
6840,2,0.0165428492,10,"486
756
108
232
202
486
756
108
232
202"
6200,2,0.0165138028,19,697 375 224 677 518 979 964 318 222 111 333 444 555 666 777 888 999 123 321
6764,2,0.0162003526,10,"308, 202, 707, 603, 424, 598, 101, 454, 666, 777"
5005,2,0.0161837979,10,"444,222,777,666,111,333,555,999,888,777"
9630,2,0.0161462526,10,"777
323
666
444
999
123
888
555
999
234"
1066,2,0.0160832341,10,222 333 444 555 666 777 888 999 111 222
4024,2,0.0160832341,10,222 444 777 555 888 666 111 333 999 222
6601,2,0.0160384993,11,"165, 827, 888, 111, 222, 333, 444, 555, 666, 777, 888"
1333,2,0.0159724186,10,"555,333,111,888,777,666,444,333,222,111"
3432,2,0.0158023858,10,"144
222
333
444
555
666
777
888
999
123"
7768,2,0.0157467124,10,"922, 555, 333, 444, 666, 777, 888, 999, 111, 222"
6436,2,0.0156951015,10,"111
222
333
444
555
666
777
888
999
212"
4566,2,0.0156619882,10,444;555;666;777;888;111;222;333;999;252
2421,2,0.0156418373,10,888;777;666;555;444;333;222;111;999;889
6594,2,0.0156324879,10,"[555, 888, 444, 777, 222, 999, 333, 666, 111, 444]"
4692,2,0.0156248512,10,789;999;888;777;666;555;444;333;222;111
1935,2,0.0156190198,10,"777
444
333
222
111
888
999
555
666
321"
5353,2,0.0156124855,10,777;888;999;666;333;555;222;444;111;886
2400,2,0.0156110216,10,"888,999,777,666,555,444,333,222,111,334"
2021,2,0.0156084179,10,818 777 222 333 444 555 666 777 888 999
2678,2,0.0156006852,9,"111,222,333,444,555,666,777,888,999"
3863,2,0.0156006852,9,"999,888,777,666,555,444,333,222,111"
4096,2,0.0156006852,9,"333,444,555,666,777,888,999,111,222"
4726,2,0.0156006852,9,"999
888
777
666
555
444
333
222
111
99"
5871,2,0.0156006852,9,"[999, 888, 777, 666, 555, 444, 333, 222, 111, 99]"
7075,2,0.0156006852,9,999 888 777 666 555 444 333 222 111
7294,2,0.0156006852,9,999;888;777;666;555;444;333;222;111;99
7893,2,0.0154798881,16,728 138 242 447 334 272 232 816 222 333 444 555 666 777 888 999
4258,2,0.0154463828,7,"[555, 477, 403, 333, 266, 200, 133, 77, 10, 3]"
3462,2,0.0153427029,10,653 421 876 298 101 333 555 777 999 202
278,2,0.0152818053,11,"170, 405, 400, 946, 200, 300, 500, 600, 700, 800, 900"
9085,2,0.0150987912,10,"775, 666, 557, 448, 339, 230, 121, 202, 303, 404"
5475,2,0.0150267486,9,"144
222
333
444
555
666
777
888
999
1000"
6065,2,0.0149595911,9,"141, 222, 333, 444, 555, 666, 777, 888, 999"
6955,2,0.0148922322,9,167 222 333 444 555 666 777 888 999
1915,2,0.0148887847,8,"[222, 333, 444, 555, 666, 777, 888, 999]"
8630,2,0.0148887847,8,"444, 666, 555, 333, 777, 222, 888, 999"
1143,2,0.0148687098,10,"301, 222, 444, 555, 666, 777, 888, 999, 111, 222"
8410,2,0.0145237638,10,"456, 271, 699, 300, 150, 600, 200, 500, 350, 400"
8829,2,0.0144728836,10,"340, 121, 279, 606, 150, 180, 200, 220, 240, 260"
7143,2,0.0144409223,10,941;607;412;999;888;777;666;555;444;333
9463,2,0.0143711615,10,"733, 828, 474, 666, 211, 999, 555, 333, 888, 141"
5660,2,0.0143546656,10,"165, 827, 888, 111, 222, 333, 444, 555, 666, 777"
9434,2,0.0142062035,10,123 456 789 222 333 444 555 666 777 888
1328,2,0.0141708399,10,"788, 333, 877, 144, 666, 999, 222, 555, 444, 333"
9194,2,0.0141681234,10,400 555 202 333 101 222 303 444 111 221
353,2,0.014139718,10,"[500, 600, 200, 400, 300, 650, 450, 350, 550, 605]"
9049,2,0.0141221378,11,"747, 392, 786, 444, 555, 666, 777, 888, 999, 123, 456"
1111,2,0.0140400583,8,444 555 666 777 888 222 333 111
6640,2,0.0140400583,8,"888,777,666,555,444,333,222,111"
4339,2,0.0140363634,10,"311
223
444
555
666
777
888
999
123
321"
6417,2,0.0139168515,8,"999
777
666
555
444
333
222
111
99
88"
8458,2,0.0138962414,10,"280
320
210
420
180
330
200
430
170
340"
3550,2,0.0138656459,10,955;200;350;501;222;450;600;150;301;250
1062,2,0.0137575122,10,"811
202
212
888
123
377
387
180
233
223"
1669,2,0.0137330992,8,"321,456,222,777,555,666,888,999"
7439,2,0.0136262095,8,"[823, 666, 555, 444, 333, 222, 111, 999]"
494,2,0.0136122296,10,"599
611
722
833
944
555
666
777
888
999"
7817,2,0.013496471,9,"789,701,555,666,333,222,111,888,444"
9405,2,0.0133871948,8,"272
323
444
555
666
777
888
999"
7634,2,0.01337677,10,555 998 333 666 777 888 222 444 669 554
6419,2,0.0133735111,10,"512
305
912
444
777
222
666
333
888
555"
7073,2,0.0133401991,10,"695,385,299,444,555,666,777,888,999,321"
2316,2,0.0132491778,10,"455, 335, 315, 678, 143, 999, 888, 777, 666, 555"
1034,2,0.0131857759,6,"444,555,666,777,888,999"
5390,2,0.0131857759,6,"444,555,666,777,888,999"
9533,2,0.0131659418,10,"732
689
845
901
777
555
888
666
444
333"
8362,2,0.0131073453,10,"[555, 624, 666, 746, 818, 888, 968, 999, 112, 151]"
3527,2,0.0130226693,10,666;888;223;444;667;889;112;333;555;777
4107,2,0.0128507588,10,"123
345
567
789
111
222
333
444
555
666"
5713,2,0.0127263934,10,"820, 698, 212, 789, 402, 555, 333, 666, 111, 222"
5680,2,0.0125476864,10,585 234 303 619 111 222 333 444 555 666
8994,2,0.0125041788,10,444 555 666 777 888 234 345 456 567 678
7427,2,0.0124889687,10,"200, 405, 600, 112, 843, 608, 595, 305, 205, 408"
6118,2,0.0123642151,14,728 138 242 447 334 272 232 816 111 222 333 444 555 666
8953,2,0.0123324339,10,"628,300,555,720,222,987,131,444,666,888"
3788,2,0.0123080369,10,522;611;933;822;777;455;333;666;555;222
4025,2,0.0120729279,10,"676, 205, 444, 889, 333, 722, 151, 666, 555, 333"
3879,2,0.0120393594,10,"499, 303, 666, 808, 777, 555, 222, 999, 661, 444"
4367,2,0.0120099215,10,"[711, 811, 899, 979, 959, 888, 777, 666, 555, 444]"
5623,2,0.011980079,10,853;327;121;938;111;222;333;444;555;666
7484,2,0.0119578052,10,"488
526
647
712
399
555
444
666
777
888"
8971,2,0.0118128587,10,777 888 666 444 422 800 600 410 811 622
2325,2,0.0117769658,11,422 919 191 670 228 311 444 555 666 777 888
2614,2,0.0117282991,10,981 555 777 888 999 111 222 333 444 555
6075,2,0.0116635069,8,"(623, 379, 881, 797, 555, 666, 222, 999)"
341,2,0.0116298484,10,"361, 541, 721, 901, 111, 223, 333, 444, 555, 666"
911,2,0.0115008103,10,833 123 655 444 789 555 901 234 666 378
8792,2,0.0113869488,10,"688
599
177
929
401
843
666
555
144
999"
251,2,0.0113544445,10,858 543 553 314 919 222 333 444 555 666
3323,2,0.0112737323,10,"444, 555, 666, 101, 111, 121, 131, 141, 151, 161"
670,2,0.0112538042,10,"[242, 356, 411, 577, 114, 222, 333, 444, 555, 666]"
3033,2,0.0112377444,10,556 153 834 444 660 222 333 444 555 666
9747,2,0.0103474004,10,"705
801
629
777
699
555
783
666
522
711"
8954,2,0.0102592474,10,"522
487
666
799
818
927
555
344
233
144"
4828,2,0.0101312345,10,"555, 621, 493, 311, 261, 181, 505, 858, 735, 666"
1486,2,0.0097665977,10,600 763 366 555 222 888 111 999 444 777
248,2,0.009756558,10,678 723 587 444 699 710 501 735 666 555
2945,2,0.0097394613,10,"855, 913, 448, 729, 312, 555, 666, 337, 771, 252"
8263,2,0.0095337383,10,"393, 555, 666, 711, 744, 755, 766, 774, 776, 778"
8730,2,0.0094813389,10,"372
554
710
937
112
228
339
441
555
666"
1183,2,0.0085904133,16,"756,555,205,396,621,397,519,821,763,555,265,396,621,397,519,821"
4465,2,0.0079798225,10,"[298, 555, 677, 884, 992, 111, 222, 333, 444, 555]"
5478,2,0.007877065,10,810; 600; 505; 399; 777; 444; 222; 111; 555; 333
5209,2,0.0077832848,10,500 555 600 650 700 750 800 850 900 950
4687,2,0.0076247972,10,"(950, 206, 600, 888, 650, 206, 600, 888, 650, 206)"
2072,2,0.0075413138,10,180;536;101;942;180;102;345;789;234;654
8283,2,0.0069247516,10,"482, 787, 555, 221, 844, 333, 482, 787, 555, 221"
9113,2,0.0063377119,11,"600, 822, 376, 958, 888, 744, 617, 600, 822, 376, 958"
2822,2,0.0063252336,10,"[850, 714, 600, 555, 492, 376, 268, 240, 150, 111]"
9956,2,0.0061356907,10,"255, 310, 600, 470, 240, 525, 180, 740, 360, 430"
4027,2,0.0060898416,10,501;555;600;690;700;900;245;273;300;350
7782,2,0.0060128738,10,"238
901
301
555
238
901
301
555
238
901"
7806,2,0.0059939226,10,521;555;115;868;306;523;255;521;555;115
8459,2,0.0057479227,10,555;119;355;752;972;816;245;555;119;355
3853,2,0.0055479258,10,254 334 705 555 254 334 705 555 254 334
5170,2,0.0055479258,10,254 334 705 555 254 334 705 555 254 334
4180,2,0.0052192827,7,555 816 600 857 499 828 122
3779,2,0.0051569679,10,555 562 570 578 586 594 600 608 616 624
9790,2,0.0048948033,10,"(555, 421, 725, 983, 831, 198, 600, 414, 730, 975)"
1304,2,0.004686004,12,"585
390
600
871
604
757
295
977
585
390
600
871"
9040,2,0.004680353,6,600;579;461;324;297;180
5084,2,0.0046562683,6,444;546;600;498;555;602
9022,2,0.0038307253,10,303 340 600 739 951 814 303 340 600 739
5044,1,0.7501569358,10,467 270 100 266 583 901 222 765 333 888
4255,1,0.7486112816,10,"549, 100, 650, 580, 333, 160, 445, 289, 500, 125"
1566,1,0.7483486773,10,393;494;595;696;797;898;999;100;201;302
8074,1,0.7482293711,10,828 848 868 888 909 929 949 969 989 100
1419,1,0.7480935713,8,"296, 429, 123, 188, 100, 276, 333, 94, 88, 345"
3488,1,0.7479547345,11,"[563, 967, 699, 300, 365, 100, 101, 102, 103, 104, 105]"
6274,1,0.747807074,10,"[320, 862, 100, 450, 780, 240, 520, 900, 360, 680]"
2035,1,0.7475307027,6,"145
144
123
122
101
100
89
88
77
76"
9958,1,0.7474544381,10,"655
693
853
103
691
851
101
689
849
100"
2102,1,0.7474339554,11,850;946;808;632;869;100;101;102;103;104;105
2277,1,0.747368205,8,"613, 543, 422, 321, 212, 111, 101, 100, 99, 98"
121,1,0.7473504062,10,678;589;701;456;333;212;100;987;865;746
5967,1,0.7471709074,10,"850
353
110
240
565
130
220
475
100
310"
9453,1,0.7471657332,10,342;270;223;196;171;150;133;120;109;100
5585,1,0.7471337843,11,"595, 526, 102, 593, 524, 101, 591, 522, 100, 589, 520"
9629,1,0.7471081518,10,"397, 338, 998, 409, 340, 999, 421, 352, 100, 434"
2881,1,0.74709504,10,668;524;955;100;101;102;103;104;105;106
6978,1,0.7470089623,10,"101
689
278
285
599
237
735
940
100
690"
3427,1,0.7469550588,10,"320
100
345
238
112
356
210
123
348
246"
7389,1,0.7469159809,9,740;654;101;739;653;100;738;652;99;737
8947,1,0.7468942747,6,583 501 294 102 101 100 99 98 97 96
496,1,0.7468437505,9,"544, 583, 198, 147, 128, 109, 103, 101, 100, 99"
8960,1,0.7467756913,10,310;425;675;150;920;325;575;100;850;350
857,1,0.7467668623,10,"[100, 243, 569, 678, 320, 345, 910, 123, 456, 789]"
7625,1,0.7467401457,3,"333,125,100,73,42,19,10,5,3,1"
2040,1,0.7467179428,10,901;822;845;414;100;102;104;300;302;304
8580,1,0.7466960343,10,388;246;183;100;399;426;343;222;267;105
2135,1,0.7465683488,6,"398
305
201
197
104
100
99
95
91
87"
1797,1,0.746541323,10,"(100, 234, 345, 456, 567, 678, 789, 890, 901, 912)"
3490,1,0.7464192596,10,"(100, 103, 121, 124, 142, 145, 163, 166, 184, 187)"
9732,1,0.7463409818,10,227 104 173 187 100 251 344 217 290 163
53,1,0.7462888018,5,"532, 325, 213, 111, 100"
3187,1,0.7461380593,11,"627
762
100
391
469
890
710
231
314
427
546"
1018,1,0.7461223051,3,"(100, 400, 150, 60, 20, 8, 3, 1, 0)"
6752,1,0.7460900282,11,"955,100,898,685,247,197,830,569,428,269,148"
2319,1,0.7460842537,8,"529, 472, 315, 286, 194, 153, 112, 100, 91, 82"
6659,1,0.7460777293,13,"446, 882, 116, 100, 332, 514, 696, 878, 106, 188, 270, 352, 434"
976,1,0.7460626579,16,"476  
547  
165  
141  
315  
288  
906  
100  
453  
781  
642  
207  
375  
816  
903  
546"
2260,1,0.7460596178,2,"150
100
86
70
65
60"
3286,1,0.746025908,11,"446, 882, 116, 100, 178, 250, 322, 394, 466, 538, 610"
5793,1,0.7459911274,8,580;804;623;751;450;100;321;245
8837,1,0.7459750636,9,4;263;394;263;165;497;994;497;139;100
6719,1,0.7459648113,10,"430, 550, 840, 210, 680, 330, 970, 100, 750, 340"
1599,1,0.7459416768,10,"954, 788, 691, 587, 441, 429, 300, 275, 203, 100"
8308,1,0.7459355418,10,937 815 593 721 659 487 315 243 171 100
9646,1,0.7459290119,9,790 636 468 336 268 208 160 124 100 88
3271,1,0.7459154279,8,"825, 632, 466, 275, 100, 20, 3, 125, 466, 632"
8546,1,0.7459034616,10,"547
715
939
616
928
210
203
115
107
100"
1674,1,0.7458539489,9,"[267, 811, 592, 353, 124, 687, 458, 229, 100, 86]"
3460,1,0.7458492588,10,"420
104
913
996
418
102
911
994
416
100"
938,1,0.7458167185,10,"961, 121, 784, 441, 169, 729, 361, 529, 961, 100"
1097,1,0.7458104644,7,"374,599,576,345,206,161,100,50,25,13,7,3,1,1"
105,1,0.7457842483,6,307 206 181 154 127 100 73 46 19 2
2060,1,0.7457559548,10,403;315;528;641;765;809;853;917;100;115
6378,1,0.745741952,10,672 100 168 709 271 209 832 456 321 567
2604,1,0.7457377881,9,882 100 961 663 376 368 512 775 121
1819,1,0.7457229023,10,752 753 754 391 393 394 805 806 807 100
9835,1,0.7456792004,8,"788, 539, 100, 787, 538, 99, 786, 537, 98, 785"
1144,1,0.7456590291,4,"145, 130, 115, 100, 85, 70, 55, 40, 25, 10"
8382,1,0.7456434064,9,"334, 276, 218, 170, 152, 134, 116, 108, 100, 92"
6149,1,0.7456259782,4,"380,361,100,340,90"
392,1,0.7455754613,3,269 159 100 67 45 31 22 17 13 12
7477,1,0.7455709334,10,"804, 251, 502, 375, 100, 605, 402, 204, 501, 302"
7079,1,0.1233534033,11,875 705 624 543 462 381 300 220 140 060 000
5966,1,0.0143329589,10,"824,311,655,400,200,101,500,311,160,800"
9103,1,0.0140382474,10,"888, 234, 678, 556, 333, 777, 222, 888, 666, 333"
5882,1,0.0136186387,6,"(350, 200, 150, 50, 25, 123, 111, 101, 90, 70)"
552,1,0.0129986156,10,505 888 999 444 777 222 666 333 111 456
6653,1,0.0128995156,8,"444, 777, 222, 888, 333, 666, 111, 999"
9015,1,0.0128720044,10,"200
101
502
303
199
854
345
201
102
503"
2489,1,0.012759244,10,"299
288
277
266
255
244
233
222
211
200"
3324,1,0.0127357028,10,789 234 456 123 777 399 666 999 111 888
1563,1,0.0126604956,19,382 688 698 284 201 891 271 762 381 687 697 283 200 890 270 761 380 686 282
1434,1,0.012499752,10,"370
270
500
405
380
200
490
395
280
300"
1869,1,0.0124645514,10,588 676 454 774 888 222 333 666 999 111
7203,1,0.0124444929,10,543;332;221;110;654;753;420;311;200;101
8036,1,0.012179984,10,185 200 215 230 245 260 275 290 305 320
8083,1,0.0121579404,9,537 342 204 200 175 150 145 112 101 99
6658,1,0.0121144312,10,"200
111
456
789
234
567
890
345
678
901"
9479,1,0.0120634012,10,679 841 456 722 567 888 999 333 666 777
8571,1,0.0120270116,9,989;160;343;500;200;463;813;782;989
5956,1,0.01198565,10,"201
177
281
794
264
870
200
179
283
796"
7835,1,0.0119506952,10,786 199 396 622 787 200 397 623 788 201
8804,1,0.0118409318,10,"980, 635, 217, 458, 792, 333, 666, 999, 888, 777"
8258,1,0.0117829848,8,"401,422,583,666,777,888,999,333"
5799,1,0.0117593344,8,760 800 200 450 540 940 460 860
8635,1,0.0116790557,7,777 999 888 666 444 222 111
8297,1,0.0116264452,10,863;547;291;305;111;666;777;999;333;222
6384,1,0.0115527778,10,"388
477
566
655
744
833
922
311
200
199"
8825,1,0.0114860279,6,"350, 287, 195, 200, 120, 109, 80, 65, 50, 35"
6670,1,0.0114246762,10,"777, 421, 303, 219, 557, 666, 888, 999, 123, 456"
9862,1,0.011399248,7,710 770 845 200 795 760 110
7470,1,0.011321069,10,"(245, 233, 229, 223, 217, 211, 205, 200, 193, 188)"
5612,1,0.0112460923,10,"(200, 345, 402, 168, 529, 621, 105, 703, 825, 247)"
6906,1,0.0112305378,11,"(420, 466, 974, 300, 278, 200, 350, 450, 550, 650, 750)"
2370,1,0.011179791,6,"914, 492, 386, 280, 200, 140, 96, 60, 36, 18"
1377,1,0.0111573628,11,"238
590
255
785
646
397
342
447
200
300
400"
6666,1,0.0110957808,10,"540
840
736
544
452
368
296
244
200
164"
8206,1,0.0110916644,10,385 398 410 200 301 323 350 372 400 250
2061,1,0.011076105,8,197;293;198;294;199;295;200;296
441,1,0.0110572945,10,"231,218,209,205,200,188,182,178,175,171"
2204,1,0.0110278782,8,"844, 922, 610, 547, 722, 200, 197, 798"
9763,1,0.0109950282,10,"197, 259, 433, 198, 260, 434, 199, 261, 435, 200"
3161,1,0.0109364738,10,"486, 200, 495, 492, 195, 504, 488, 185, 510, 474"
8035,1,0.0108675226,10,235 628 444 721 987 333 666 222 888 444
4336,1,0.0108399035,10,"(333, 666, 999, 234, 567, 891, 235, 568, 892, 236)"
9336,1,0.0108341269,10,"889
298
306
104
999
777
255
444
888
666"
7579,1,0.0107965074,10,411 119 497 428 200 708 423 300 299 298
8566,1,0.0107803076,5,200;350;160;670;106
257,1,0.0107713633,6,"126, 231, 490, 200, 119, 140, 85, 48, 24, 12"
8173,1,0.0107191413,8,"433,577,666,999,111,222,333,444"
4691,1,0.0106422477,10,"310, 191, 689, 436, 715, 200, 511, 968, 634, 109"
7231,1,0.0105769598,10,699 999 357 888 458 777 274 666 539 444
2408,1,0.0105601889,5,422;139;200;811;256
5729,1,0.0105524333,5,"(115, 213, 200, 379, 393)"
9960,1,0.0105144486,10,"200, 107, 154, 254, 351, 407, 454, 517, 571, 607"
1037,1,0.0105124858,4,"112, 308, 200, 104"
8126,1,0.0105095441,10,410;411;200;147;344;740;742;738;737;736
6925,1,0.0104552471,6,"593,336,644,692,200,319"
1233,1,0.0104376451,10,"202, 888, 418, 777, 302, 688, 577, 918, 228, 802"
2741,1,0.0103777728,10,212 343 401 123 311 222 300 111 202 321
776,1,0.0102030627,11,"711
238
345
912
123
456
789
101
202
303
404"
8772,1,0.0102030627,11,"711
238
345
912
123
456
789
101
202
303
404"
9568,1,0.010137965,10,"877, 284, 821, 202, 589, 240, 481, 238, 575, 223"
1354,1,0.0101241085,11,447 469 655 398 181 922 192 269 101 202 303
1468,1,0.0099849147,10,183 202 345 678 901 234 567 890 123 456
5077,1,0.0099831973,11,"[563, 967, 699, 300, 365, 101, 202, 303, 404, 505, 606]"
4053,1,0.0099505353,10,"821
999
587
724
432
666
385
277
199
345"
3198,1,0.0099495109,8,"431,222,666,888,123,321,545,787"
212,1,0.0099212677,9,907 989 101 123 134 156 178 190 202
6991,1,0.0099026494,10,718;782;976;591;889;123;456;789;101;202
8982,1,0.0099026494,10,718;782;976;591;889;123;456;789;101;202
4785,1,0.009851644,17,438 325 896 418 981 150 167 803 101 202 303 404 505 606 707 808 909
3796,1,0.0098439286,10,"123
456
789
101
202
303
404
505
606
707"
5717,1,0.0098439286,10,"123, 456, 789, 101, 202, 303, 404, 505, 606, 707"
6773,1,0.0098439286,10,"123, 456, 789, 101, 202, 303, 404, 505, 606, 707"
9186,1,0.009787668,8,"121,208,114,96,122,202,111,99,123,105"
3024,1,0.0097114377,10,764;936;228;202;549;476;235;101;897;345
7289,1,0.0097075266,10,"622, 791, 333, 202, 854, 726, 695, 567, 439, 311"
1697,1,0.0095473784,10,868;659;435;201;502;871;658;434;202;501
5769,1,0.0095436712,10,"775
302
444
776
101
301
445
777
202
446"
6464,1,0.0095193757,10,824 141 874 425 101 202 303 404 505 606
8020,1,0.0095130917,12,728 138 242 447 334 272 232 816 101 202 303 404
7941,1,0.0094371557,14,121 808 300 916 274 101 202 303 404 505 606 707 808 909
8313,1,0.0094077662,7,383 444 212 888 666 454 201
75,1,0.0093327673,10,666 103 110 983 412 574 234 159 376 821
1244,1,0.0092941069,10,"450, 500, 789, 321, 666, 123, 890, 456, 234, 789"
8816,1,0.0092823499,10,789 654 321 202 156 876 543 321 123 567
9545,1,0.0092793718,10,"995, 747, 228, 666, 353, 882, 444, 111, 777, 333"
636,1,0.0092745758,10,"872
202
437
745
969
491
923
434
123
345"
9470,1,0.0092687765,10,"659,921,173,198,134,427,201,202,203,204"
4777,1,0.0092658589,10,"666, 777, 888, 321, 543, 210, 765, 432, 109, 987"
7797,1,0.0092627358,10,"821, 634, 456, 201, 999, 333, 777, 555, 123, 654"
9104,1,0.0092427513,10,"354, 403, 202, 610, 441, 580, 781, 324, 413, 201"
3835,1,0.0092365775,10,"202, 732, 660, 388, 616, 201, 731, 659, 387, 615"
9412,1,0.0092234726,10,479;201;485;350;481;203;483;352;478;202
4883,1,0.0092161256,10,450;567;678;789;890;901;101;202;303;404
335,1,0.0092067296,10,"822, 414, 927, 639, 747, 513, 888, 363, 666, 783"
8402,1,0.0092047634,10,"622, 555, 222, 333, 111, 444, 777, 888, 999, 321"
739,1,0.0091909965,10,262;411;942;101;303;505;707;202;404;606
7274,1,0.0091889775,10,655 652 714 202 933 656 659 717 205 936
2922,1,0.0091610958,10,"799
821
980
686
454
731
892
222
777
666"
1331,1,0.0091587842,6,444 666 888 123 357 789
5980,1,0.0091301083,10,"553
202
388
849
324
521
437
286
399
823"
600,1,0.0091181509,10,"436, 522, 313, 404, 262, 343, 202, 282, 151, 222"
4051,1,0.009071362,11,"(426, 661, 282, 531, 345, 123, 567, 444, 222, 666, 777)"
8493,1,0.0090422391,6,"310, 203, 747, 101, 202, 303"
483,1,0.0090367949,10,660;798;555;444;333;222;111;999;888;777
3448,1,0.0089981449,10,"[604, 920, 365, 468, 202, 473, 846, 906, 604, 920]"
2768,1,0.0089884376,10,401 502 603 704 805 906 101 202 303 404
4428,1,0.0089090704,10,"124, 701, 124, 932, 143, 304, 507, 800, 202, 605"
9071,1,0.0088540897,5,202;167;142;123;109;97;87;79;73;69
762,1,0.0088382859,10,"233,216,205,202,197,181,176,173,167,158"
82,1,0.0088224696,10,"535
283
494
702
631
202
532
784
625
243"
5785,1,0.0088191943,12,202;711;803;694;585;476;367;258;149;140;131;122
4956,1,0.0088127966,10,"[236, 218, 202, 187, 173, 160, 148, 137, 127, 118]"
3310,1,0.0087985175,11,"[909, 844, 550, 775, 557, 130, 151, 222, 333, 444, 666]"
1000,1,0.0087972074,6,"[756, 234, 767, 798, 188, 202]"
6569,1,0.0087595369,8,"822
936
147
324
811
654
303
202"
9838,1,0.0087322636,10,"652
281
214
621
275
208
614
269
202
596"
7064,1,0.0086992265,11,"302, 268, 242, 220, 202, 188, 176, 166, 158, 152, 148"
4647,1,0.0086971833,10,"202
215
189
159
388
392
224
237
105
113"
3971,1,0.0086789211,10,747 666 999 494 794 626 966 466 796 636
847,1,0.0086569196,10,"811
202
909
782
375
972
285
729
587
369"
5337,1,0.008652057,10,"[295, 147, 308, 202, 346, 103, 290, 148, 311, 204]"
2594,1,0.0086508749,10,"999
456
321
789
654
333
222
111
888
555"
4886,1,0.0086403058,10,707 938 664 386 846 608 368 888 666 348
6771,1,0.0085984563,11,155 373 409 989 202 345 567 678 789 890 901
6660,1,0.0085675337,9,"313,232,424,122,323,422,202,113,312"
1079,1,0.0085534943,10,"435, 862, 202, 917, 184, 946, 273, 892, 146, 983"
3828,1,0.0085198433,8,"512
704
829
615
922
214
202
115"
1795,1,0.0085048217,10,"202, 815, 843, 678, 312, 948, 602, 215, 843, 678"
8826,1,0.0084885969,9,"1012,140,157,176,195,202,221,238,257,276"
4737,1,0.0084284164,5,"242,212,252,202,232"
6609,1,0.0084148547,9,423 114 825 202 714 413 224 107 214
7975,1,0.0084116452,10,888;698;357;429;767;222;555;111;999;333
4650,1,0.0084047054,10,"773, 422, 483, 743, 202, 783, 472, 443, 723, 262"
5373,1,0.0083925764,11,554;480;196;383;232;435;321;678;934;202;456
4812,1,0.0083620837,10,"717, 666, 212, 735, 308, 644, 783, 227, 333, 656"
910,1,0.0083567066,10,855;877;603;532;666;778;889;990;444;333
9941,1,0.0083339138,10,"(734, 162, 859, 247, 936, 324, 813, 202, 990, 379)"
9098,1,0.0083136147,10,"202, 409, 193, 210, 408, 192, 203, 407, 191, 204"
4451,1,0.0083127762,10,222 777 415 888 333 678 555 999 246 774
2801,1,0.0083108991,10,"205
383
983
204
381
982
203
380
981
202"
2530,1,0.0082971774,10,"212, 211, 209, 208, 207, 206, 205, 204, 203, 202"
14,1,0.0082917028,11,"544, 466, 323, 312, 883, 169, 965, 531, 666, 444, 333"
4361,1,0.0082911132,10,214 107 550 352 132 202 404 208 309 105
9985,1,0.0082852028,10,"(103, 202, 301, 341, 431, 483, 443, 293, 336, 213)"
5446,1,0.0082817857,5,"747,563,312,102,202"
2790,1,0.0082779081,10,"205
272
155
204
273
154
203
274
153
202"
5670,1,0.0082527571,10,"[892, 854, 782, 704, 602, 504, 402, 304, 202, 104]"
7875,1,0.0082507913,10,"349
428
202
153
376
285
492
114
301
247"
8715,1,0.0082303858,10,"735, 821, 439, 666, 287, 934, 572, 398, 147, 659"
4238,1,0.0082290916,8,"(802, 702, 602, 502, 402, 302, 202, 102, 92, 82)"
5797,1,0.0082023983,7,847 964 202 834 755 486 329
1750,1,0.008187921,7,"692
203
754
872
202
942
943"
3891,1,0.0081802397,2,"202
102
72"
5697,1,0.0081779869,10,135 202 951 153 241 317 409 493 577 661
3167,1,0.0081506799,6,"[324, 242, 12, 564, 68, 202, 14, 596, 90, 424]"
2765,1,0.0080113218,4,483;202;169;124;86;53;31;20;13;9
6435,1,0.0079818745,10,696;898;787;333;999;777;555;383;963;888
1790,1,0.007943279,10,"626
268
864
406
584
292
666
269
866
407"
1895,1,0.0079356657,10,"525, 285, 363, 175, 777, 455, 666, 955, 225, 515"
7095,1,0.0079038112,10,289 354 678 123 745 856 432 666 298 578
5048,1,0.0078861721,10,"711, 755, 700, 766, 688, 777, 699, 644, 733, 666"
6199,1,0.0078796426,10,"665, 859, 631, 293, 345, 622, 485, 921, 666, 860"
3131,1,0.0078151111,7,"749, 883, 666, 455, 321, 210, 101, 19, 95, 54"
9827,1,0.0077849926,10,"722, 841, 861, 813, 288, 117, 666, 735, 822, 753"
9474,1,0.0077711623,10,"522, 844, 666, 778, 533, 822, 669, 745, 511, 833"
4764,1,0.007758705,10,345;183;765;892;222;999;333;777;111;555
7724,1,0.0077511415,10,"620, 510, 888, 123, 999, 444, 777, 321, 555, 881"
8488,1,0.0077474978,10,622 299 555 777 888 999 123 456 789 321
1571,1,0.0076748444,10,"870, 354, 285, 666, 423, 528, 249, 798, 185, 369"
2070,1,0.0076675929,10,648;650;652;654;656;658;660;662;664;666
6185,1,0.0076513149,10,515;222;978;654;333;777;444;111;888;555
3791,1,0.0076473882,10,"775
883
899
702
618
826
842
750
666
874"
8475,1,0.0076394103,10,965 964 868 767 666 565 464 363 262 161
3457,1,0.0076266893,10,"456, 789, 854, 632, 398, 777, 505, 890, 444, 666"
9070,1,0.0076255488,10,"949, 198, 927, 345, 634, 666, 942, 189, 903, 363"
5150,1,0.0076065216,10,"658
660
662
666
410
676
640
655
670
652"
208,1,0.0075682459,10,"699
333
441
615
361
555
222
777
111
888"
5009,1,0.00752958,10,945;105;424;256;111;314;777;555;888;999
378,1,0.0075223633,10,"(856, 685, 568, 867, 786, 678, 876, 668, 866, 666)"
8910,1,0.0074859897,9,389 286 673 555 123 789 888 333 777
4059,1,0.0074678563,10,741 444 666 379 655 653 745 446 668 378
2778,1,0.007447003,8,"639,444,777,111,333,222,555,888"
5915,1,0.0074444143,10,"203,398,666,105,148,190,233,276,319,362"
2640,1,0.0074438371,10,"375, 411, 549, 585, 630, 666, 732, 768, 825, 861"
4141,1,0.0074429598,9,"[696, 717, 639, 728, 666, 777, 684, 792, 693]"
6222,1,0.0074112023,10,"621, 733, 585, 391, 459, 502, 444, 666, 729, 543"
4368,1,0.0073965913,10,812;603;444;222;999;555;777;333;111;505
8622,1,0.0073878434,10,"582
596
610
624
638
652
666
680
694
708"
6078,1,0.0073805175,10,529;747;666;811;735;654;872;703;622;841
379,1,0.0073789342,10,687 595 794 858 666 584 783 869 675 593
9152,1,0.0073591304,8,875 666 212 877 407 891 980 902
2240,1,0.0073243291,10,735 635 666 845 734 634 667 844 733 633
1813,1,0.0073194099,10,472 666 938 345 922 701 543 867 604 432
6035,1,0.0073125665,10,673;658;612;689;637;605;649;666;628;651
9409,1,0.0073098833,10,"834, 666, 810, 747, 723, 689, 615, 591, 550, 511"
7694,1,0.0073084743,5,"642, 151, 655, 572, 666"
3734,1,0.0073038788,10,"292, 394, 702, 366, 288, 482, 666, 274, 380, 738"
7171,1,0.0072904504,10,"666, 852, 628, 276, 334, 618, 476, 912, 654, 840"
2794,1,0.0072846771,8,262 407 684 321 666 843 282 467
7286,1,0.0072724692,10,604;450;850;231;987;333;555;777;999;123
7752,1,0.0072543285,7,986 875 859 791 666 583 489
7438,1,0.0072318592,10,"722, 699, 745, 810, 688, 711, 654, 603, 767, 666"
7512,1,0.0072292833,10,725;909;853;891;798;666;587;437;353;279
6811,1,0.0072121964,10,"(222, 888, 675, 432, 881, 765, 345, 999, 555, 234)"
4206,1,0.0072014084,10,387;229;174;654;443;399;231;177;666;453
1677,1,0.0071876824,10,"812
739
676
580
703
835
912
729
666
572"
9813,1,0.007148346,10,"[624, 254, 554, 666, 642, 267, 426, 446, 324, 354]"
1122,1,0.0071418008,10,"190, 535, 787, 323, 676, 929, 161, 414, 666, 919"
1285,1,0.007132325,10,616; 552; 807; 595; 870; 724; 688; 579; 666; 753
6810,1,0.0071198087,10,"669, 667, 370, 214, 859, 975, 664, 369, 666, 213"
2717,1,0.007109661,10,"714, 747, 720, 702, 684, 666, 648, 630, 612, 594"
1063,1,0.0071094892,10,"(646, 666, 579, 578, 756, 758, 647, 664, 508, 576)"
1385,1,0.0071088958,10,612 790 747 582 803 850 897 924 971 666
3487,1,0.0071052481,10,667 666 665 664 663 662 661 898 669 586
553,1,0.007099772,13,705;666;445;671;895;603;546;429;647;889;701;663;435
2338,1,0.0070876387,9,"666,665,664,663,662,661,660,659,658"
6674,1,0.0070666229,10,"591
654
729
486
602
718
543
666
517
359"
1929,1,0.0070517502,8,"666
675
408
844
741
427
474
628"
3847,1,0.0070466378,8,"666
673
408
844
741
427
474
628"
7257,1,0.0070349538,7,"666, 630, 546, 414, 306, 204, 102, 2, 0"
6470,1,0.0070283939,8,"589,992,375,666,958,293,586,197"
1663,1,0.0070227487,10,524;666;118;962;257;439;810;551;923;709
6819,1,0.0069839495,10,741 444 666 376 658 653 744 443 668 378
9114,1,0.0069760306,7,495 834 622 413 206 83 666 444
1422,1,0.0069703204,6,"367, 978, 664, 666, 211, 859"
5779,1,0.0069497179,8,"710,693,666,642,618,594,570,546"
8783,1,0.0069476281,9,"666,369,527,278,926,765,478,327,648"
6252,1,0.0069323212,10,813 799 988 676 345 766 999 888 555 222
7370,1,0.0069199679,5,"122
803
444
299
666"
9739,1,0.0069161672,10,"155, 253, 421, 442, 666, 711, 854, 912, 987, 765"
765,1,0.0069092523,8,"666,446,689,896,603,954,535,304"
2323,1,0.0068901428,10,"484,663,488,666,454,657,451,648,445,639"
8044,1,0.0068671595,5,948 487 876 666 665
4278,1,0.0068658454,10,"217, 249, 312, 354, 406, 458, 510, 562, 614, 666"
3331,1,0.0068321013,10,"729,730,731,434,435,666,667,668,436,437"
9506,1,0.0068080442,7,909 666 481 431 911 756 841
7756,1,0.0068080098,10,"729,666,434,717,667,435,718,668,436,719"
3975,1,0.0067986114,10,"[333, 555, 777, 123, 456, 678, 246, 369, 571, 821]"
9856,1,0.0067885763,7,666 532 779 573 553 889 423
4493,1,0.0067767324,10,945;823;789;633;321;555;777;299;888;333
4510,1,0.006773071,10,"811,708,950,578,413,888,777,999,555,444"
924,1,0.0067612364,4,"(478, 733, 666, 582)"
6135,1,0.0067604645,10,"486
596
666
536
506
476
446
416
386
356"
3930,1,0.0067553768,5,246;480;117;666;108
2666,1,0.0067544854,10,"(666, 667, 668, 669, 670, 671, 672, 673, 674, 675)"
8497,1,0.0067228037,10,"555, 446, 664, 333, 222, 111, 345, 234, 123, 456"
6950,1,0.006669991,3,"798, 666, 964"
680,1,0.0066645638,9,"911,888,636,321,777,555,999,776,444"
8690,1,0.006615597,10,828 664 610 335 222 444 777 111 555 999
1947,1,0.006455624,10,"888, 676, 431, 725, 237, 555, 322, 999, 786, 456"
4894,1,0.0063942603,10,"576
389
299
612
444
888
333
555
222
444"
4627,1,0.0063076274,10,"301, 285, 123, 456, 543, 333, 222, 111, 444, 555"
8392,1,0.006256527,10,"245
378
123
654
222
333
456
111
555
228"
4635,1,0.0062536902,10,292;333;555;678;710;800;902;111;234;456
199,1,0.0061865689,10,682;701;456;333;820;555;222;777;399;444
524,1,0.0061411435,5,"112, 333, 555, 777, 999"
9327,1,0.0059476473,10,"350
480
560
225
700
333
555
123
678
900"
852,1,0.0059336137,10,"881
625
902
346
555
777
999
321
567
234"
6600,1,0.0058556118,10,300;400;500;600;700;800;900;150;140;130
4707,1,0.0055702973,10,"[345, 224, 568, 132, 456, 333, 222, 555, 111, 444]"
3537,1,0.0054995952,10,"[900, 444, 242, 999, 555, 222, 990, 445, 245, 995]"
4156,1,0.0054942153,11,"(950, 206, 600, 888, 650, 950, 284, 166, 300, 400, 500)"
7067,1,0.0054256495,11,"904, 287, 260, 808, 300, 400, 500, 600, 700, 800, 900"
8265,1,0.0054215692,10,843;201;569;333;720;612;987;444;321;555
89,1,0.0053944248,19,757;502;299;275;238;454;176;685;300;350;400;450;500;550;600;650;700;750;800
1115,1,0.0053862371,10,858;767;432;654;321;987;555;222;777;333
358,1,0.0053803207,10,"[345, 689, 721, 298, 456, 333, 555, 678, 123, 890]"
8049,1,0.0053602066,10,"234, 129, 567, 321, 678, 456, 789, 111, 333, 555"
6016,1,0.0053078237,11,"362
824
332
137
555
123
987
456
789
234
111"
3762,1,0.0052733956,9,"111
333
555
777
225
117
339
552
774"
6613,1,0.0052661645,10,"210, 220, 230, 240, 250, 260, 270, 280, 290, 180"
7088,1,0.0052249072,11,"289,881,270,572,878,811,217,111,333,444,555"
5642,1,0.0051478815,5,555;444;333;222;111
7670,1,0.0051478815,5,555 444 333 222 111
9501,1,0.0051418004,8,287 333 222 454 580 712 625 555
1953,1,0.0051284614,10,"555
747
888
272
199
595
737
878
232
191"
3664,1,0.0051170904,10,633 754 826 695 717 888 584 676 748 555
2481,1,0.0051096556,15,808;422;750;180;886;856;733;888;424;752;182;889;425;753;183
7553,1,0.0050728793,8,"501,302,250,456,111,333,444,555"
1120,1,0.0050275047,10,"885
864
555
532
843
482
821
288
810
185"
696,1,0.0049854368,8,656 781 433 221 555 333 889 111
6090,1,0.0049405044,10,711;345;623;801;965;222;178;555;699;333
4898,1,0.0049328282,10,"678
234
555
768
123
345
890
444
222
550"
3626,1,0.0049035942,10,"300, 400, 500, 600, 700, 800, 900, 339, 447, 413"
9527,1,0.0048538154,10,"500, 250, 525, 872, 743, 292, 788, 363, 555, 901"
2030,1,0.0048491045,11,"723, 258, 282, 950, 157, 300, 400, 500, 600, 700, 800"
7230,1,0.0048489316,10,489;321;555;222;777;630;848;111;969;288
145,1,0.0048291046,10,"918
555
721
893
660
995
847
512
719
888"
786,1,0.0048210338,10,500 600 700 800 900 257 898 593 679 511
4088,1,0.0047922616,10,350 240 180 400 220 390 160 280 300 260
7815,1,0.0047485945,9,"999
620
170
990
630
180
988
611
164"
4670,1,0.0047485668,10,821 459 612 234 555 678 789 345 567 432
7667,1,0.0047406833,10,"[811, 181, 115, 515, 555, 503, 333, 363, 662, 212]"
1348,1,0.0047325245,10,789 456 678 321 555 689 765 432 888 543
6972,1,0.0046903455,10,"756, 842, 733, 567, 321, 444, 678, 333, 555, 222"
5026,1,0.0046737273,10,832 724 611 555 910 433 765 888 342 671
873,1,0.0046566998,10,711 289 555 397 683 147 822 466 508 333
3300,1,0.0046544424,10,"[800, 850, 750, 700, 650, 600, 550, 500, 450, 400]"
2956,1,0.0046452945,5,"640, 888, 287, 906, 555"
5867,1,0.00464065,10,"844
462
888
305
600
543
800
603
547
801"
9160,1,0.0046377712,10,"346
555
201
778
903
432
662
820
195
384"
3225,1,0.0046061299,10,"185, 464, 333, 771, 242, 667, 425, 555, 335, 644"
2621,1,0.0045877978,10,422 919 191 670 228 311 222 333 444 555
4808,1,0.0045641915,10,"602, 665, 598, 525, 650, 333, 555, 440, 388, 299"
9080,1,0.0045632654,10,"812
555
234
765
345
987
678
456
123
543"
9845,1,0.0045525957,10,468 789 321 654 279 846 720 555 333 987
6050,1,0.0045194853,10,"550
120
777
345
665
288
415
555
124
779"
3865,1,0.0044928314,10,"(157, 180, 205, 232, 261, 292, 325, 360, 397, 436)"
2387,1,0.004477336,11,"793, 555, 414, 361, 343, 333, 324, 315, 307, 299, 292"
2169,1,0.0044394649,6,"678,345,123,765,555,111"
932,1,0.0044326468,10,"(505, 892, 123, 456, 789, 234, 345, 678, 901, 555)"
2580,1,0.004404753,10,"430, 356, 701, 222, 555, 410, 320, 711, 266, 536"
1403,1,0.0043832037,10,"(878, 443, 777, 654, 321, 987, 555, 222, 789, 345)"
6136,1,0.0043630182,10,636 594 555 516 477 438 399 360 331 292
796,1,0.004354915,10,552 546 530 510 490 500 515 535 555 575
794,1,0.0043510081,10,"434
563
761
742
141
333
555
734
723
131"
1994,1,0.0043437419,10,266;588;923;647;811;438;765;299;377;555
5292,1,0.0043379465,11,"177, 705, 555, 943, 321, 854, 632, 222, 415, 789, 101"
6279,1,0.0043201422,10,"(555, 789, 234, 678, 123, 456, 890, 321, 741, 582)"
793,1,0.0043189841,10,"[865, 980, 550, 620, 710, 300, 450, 500, 600, 700]"
6437,1,0.0042774384,10,"567, 456, 890, 777, 234, 555, 678, 321, 459, 654"
2462,1,0.0042568842,10,"230
245
300
350
405
450
500
550
600
650"
9861,1,0.0042270704,11,"542,511,740,810,860,416,500,550,600,650,700"
5054,1,0.0042078239,10,444 936 504 123 321 678 876 234 432 555
6015,1,0.004173206,8,285;318;249;222;207;195;186;180
9120,1,0.0041663641,10,"500
600
150
534
621
166
535
622
167
536"
7505,1,0.0041242805,10,"729, 543, 266, 932, 678, 555, 328, 456, 767, 892"
9847,1,0.0040824508,9,65;239;180;431;620;379;160;419;230;659
7910,1,0.0040789217,10,"727
535
545
729
555
565
731
575
585
733"
6036,1,0.0040696451,10,"933
188
726
511
324
789
612
873
555
234"
1912,1,0.0040486414,10,876; 423; 212; 987; 345; 678; 555; 321; 789; 123
8895,1,0.0040481243,10,"555
985
632
873
456
789
234
654
876
321"
4550,1,0.0040472924,10,"399
186
753
549
369
288
228
180
144
114"
9711,1,0.004036369,9,854;501;392;928;555;186;479;233;805
2702,1,0.004012754,10,"245, 912, 876, 555, 123, 789, 432, 654, 321, 987"
695,1,0.0040021573,10,600 630 590 650 500 700 670 550 680 530
8939,1,0.0039837829,8,600;650;700;750;800;850;900;950;1000;1050
1463,1,0.003959532,10,"814
258
555
828
845
257
816
554
827
844"
3705,1,0.0039414534,10,167;238;555;820;617;475;769;392;546;832
4045,1,0.0039070587,10,"779
126
663
896
393
456
123
789
555
246"
8640,1,0.003900658,10,"720
688
591
497
394
298
196
192
186
180"
3466,1,0.0038979728,10,"(110, 441, 882, 263, 594, 748, 329, 657, 180, 426)"
3696,1,0.003882207,10,"(635, 413, 631, 633, 555, 363, 155, 335, 655, 651)"
1969,1,0.0038666503,10,444 222 777 113 331 555 882 258 752 411
7482,1,0.0038624806,10,"423,799,837,368,328,823,138,500,600,700"
463,1,0.0038143888,8,555 444 678 789 123 321 456 654
8003,1,0.0037743658,10,"(545, 262, 633, 934, 353, 454, 555, 656, 757, 858)"
1283,1,0.0037609339,10,"400, 500, 600, 700, 300, 305, 940, 945, 450, 550"
6932,1,0.0037607929,10,"890,188,732,838,893,182,735,891,180,733"
3820,1,0.003742764,10,"[524, 525, 526, 998, 999, 549, 550, 551, 600, 601]"
1061,1,0.003733538,10,"398, 721, 256, 437, 684, 192, 555, 883, 444, 777"
1263,1,0.0037300061,10,"767, 444, 736, 323, 773, 626, 555, 373, 707, 222"
1265,1,0.0037239068,10,"178, 195, 179, 182, 191, 184, 197, 187, 180, 199"
834,1,0.0037097574,10,"846
954
262
350
468
584
180
830
938
236"
4989,1,0.0036849276,10,"289
874
361
452
732
668
199
233
555
444"
7551,1,0.0036819307,10,"814, 624, 234, 444, 555, 765, 174, 384, 594, 204"
8957,1,0.0036713647,10,477;236;119;574;286;151;437;219;109;555
2860,1,0.0036563157,12,"361,590,545,456,389,590,444,361,578,555,387,590"
9042,1,0.003649812,9,"(936, 234, 715, 180, 567, 140, 432, 105, 324, 84)"
2774,1,0.0036487319,10,"600, 228, 414, 612, 432, 888, 336, 272, 468, 696"
2732,1,0.003638219,10,"595
490
735
685
575
669
545
593
621
555"
6165,1,0.0036155652,9,188 555 340 745 185 579 338 754 168
2979,1,0.0035803162,8,153 732 612 555 442 321 212 111
7428,1,0.0035715421,6,"851, 625, 224, 824, 978, 180"
3096,1,0.0035711918,11,"495
439
490
366
698
104
632
132
444
555
222"
4193,1,0.0035556344,10,"262, 774, 178, 263, 775, 179, 264, 776, 180, 265"
4387,1,0.0035556344,10,"262, 774, 178, 263, 775, 179, 264, 776, 180, 265"
8094,1,0.0035506757,10,"545
131
741
323
959
117
262
883
555
319"
7629,1,0.0035362708,10,"[633, 745, 625, 738, 606, 717, 585, 693, 555, 671]"
21,1,0.0035203816,10,"873, 477, 569, 610, 152, 400, 450, 500, 550, 600"
2497,1,0.0035190213,10,"(172, 555, 886, 134, 773, 924, 365, 698, 257, 436)"
291,1,0.0035043856,10,533;621;288;752;199;912;555;677;299;733
2834,1,0.0035009493,10,131;694;622;383;583;865;614;356;555;444
7030,1,0.0034970371,10,"[555, 561, 569, 575, 583, 590, 599, 605, 613, 620]"
964,1,0.0034870552,10,"546, 283, 399, 424, 608, 172, 231, 555, 690, 320"
149,1,0.0034839586,10,"492, 511, 387, 445, 603, 876, 234, 555, 729, 138"
6039,1,0.0034713822,10,101;900;205;301;404;505;600;707;808;909
8761,1,0.0034702986,10,374;198;562;233;489;291;357;180;203;192
3609,1,0.003462132,10,603 721 894 402 399 505 609 798 823 555
7334,1,0.0034611982,10,"737
670
542
523
826
555
256
718
669
512"
747,1,0.0034556056,10,875;894;789;600;501;432;321;289;201;199
7583,1,0.0034544338,8,"387,456,235,789,369,298,147,555"
4636,1,0.003452175,10,"[562, 700, 575, 674, 745, 450, 586, 710, 487, 555]"
180,1,0.0034516152,10,"852, 772, 735, 700, 667, 636, 607, 580, 555, 532"
4476,1,0.003446503,10,"612
347
555
934
826
485
710
398
654
273"
9309,1,0.0034403761,10,213;381;555;729;903;107;285;463;641;829
4067,1,0.0034347725,8,"465, 98, 321, 743, 127, 555, 89, 401, 222, 399"
8361,1,0.0034267213,10,485 621 347 890 236 579 180 765 901 452
8161,1,0.0034153101,10,585;645;710;590;650;715;595;655;720;600
2700,1,0.0034033174,10,"236,553,180,226,513,182,225,573,190,215"
7270,1,0.0034020532,9,"555, 663, 656, 753, 744, 843, 834, 933, 924, 1023"
1998,1,0.0033933159,10,"993, 721, 663, 626, 590, 555, 521, 488, 456, 425"
137,1,0.0033898831,10,"464,535,652,746,838,929,555,676,787,898"
5371,1,0.0033564657,10,583 612 345 721 444 890 678 321 555 743
5512,1,0.0033501521,10,722 555 231 894 676 410 385 921 567 743
1413,1,0.0033480918,6,"555,402,323,254,185,116,43,0"
2479,1,0.0033410906,11,"281,497,753,180,519,263,354,429,578,645,732"
9585,1,0.0033366929,10,"555
255
747
855
444
155
244
554
745
854"
4430,1,0.0033341279,10,"(722, 686, 840, 564, 780, 444, 677, 818, 555, 771)"
9777,1,0.0033084137,10,373;436;272;628;555;145;326;484;197;238
3259,1,0.0033044794,10,"643, 650, 674, 592, 664, 550, 595, 602, 555, 572"
5358,1,0.0033021111,10,108;112;535;208;109;114;536;210;122;555
3138,1,0.0032982645,10,"767, 686, 564, 490, 376, 262, 158, 555, 654, 444"
2948,1,0.003289576,10,667;832;499;356;223;180;778;545;312;985
3776,1,0.00328261,10,565 570 572 578 585 600 608 615 620 625
1323,1,0.0032793436,6,"923,815,555,345,789,456"
7795,1,0.0032769901,10,596 683 271 745 829 367 912 555 438 672
4801,1,0.0032525179,10,"(535, 315, 135, 355, 555, 531, 335, 155, 313, 133)"
7671,1,0.0032404793,10,555;565;536;587;516;164;155;174;145;165
4189,1,0.0032395988,10,"408,199,927,696,816,987,633,180,351,846"
5964,1,0.003238599,10,533 353 165 598 747 729 601 297 555 323
1495,1,0.0032370987,10,483 501 519 537 555 573 591 609 627 645
6974,1,0.0032368976,10,"(258, 176, 295, 324, 223, 142, 261, 180, 299, 318)"
3647,1,0.0032356726,10,294 312 678 555 722 811 433 389 599 644
5896,1,0.0032318464,10,933;816;729;642;555;478;391;314;237;159
106,1,0.0032298105,10,"438, 555, 557, 722, 943, 256, 155, 287, 558, 944"
974,1,0.0032253575,10,388;555;210;879;444;667;132;954;321;589
9577,1,0.0032179701,10,"432, 789, 814, 605, 555, 236, 721, 385, 901, 473"
5846,1,0.0032110245,10,768;879;985;594;493;392;744;852;963;555
5015,1,0.0032080642,10,"589, 467, 555, 609, 511, 543, 481, 565, 539, 593"
6499,1,0.003200735,10,"281
452
674
783
808
912
345
678
555
789"
314,1,0.0031876262,12,"596
553
960
985
597
554
961
986
598
555
962
987"
3047,1,0.0031811337,10,594 573 568 255 563 559 555 251 247 243
2235,1,0.0031674385,11,"It seems a bit unusual to be asking for a sequence related to penguins, but I'll do my best to conti..."
7970,1,0.0031668959,10,701;901;180;801;721;612;891;960;719;872
8039,1,0.0031598072,10,485;502;511;520;528;537;546;555;564;573
9522,1,0.0031491864,10,508 555 601 599 589 573 567 611 547 689
1466,1,0.0031480877,10,"937, 251, 555, 774, 787, 926, 265, 564, 767, 786"
875,1,0.0031365904,8,"[520, 531, 543, 555, 567, 579, 591, 603]"
5154,1,0.0031335069,10,"489
632
854
289
701
567
329
985
432
555"
386,1,0.0031310732,11,"491, 995, 705, 612, 581, 555, 541, 532, 525, 522, 519"
4029,1,0.0031309436,12,"933,721,566,375,737,557,466,385,747,555,464,384"
454,1,0.0031230516,10,693 512 433 579 487 641 555 467 623 501
8857,1,0.0031211177,11,522 802 954 217 588 463 390 958 555 678 789
3751,1,0.0031194554,10,"689
712
555
432
654
321
598
745
630
489"
6010,1,0.0031178298,10,"722, 425, 573, 444, 562, 385, 463, 555, 368, 442"
1852,1,0.0031150332,10,"897  
135  
952  
180  
882  
147  
932  
114  
872  
105"
5836,1,0.0031102935,8,"389,769,189,977,765,485,555,195"
1769,1,0.0031084177,7,"[662, 357, 555, 547, 706, 188, 947]"
3002,1,0.0031069386,10,"898,765,555,687,908,167,176,897,766,554"
3931,1,0.003085563,9,"89, 430, 115, 543, 180, 346, 208, 295, 142, 470"
817,1,0.0030852089,8,"821,934,557,600,483,310,229,156"
3218,1,0.0030838723,10,348 915 630 975 180 459 273 846 369 753
7416,1,0.0030825316,10,"485, 432, 527, 534, 541, 548, 555, 562, 569, 576"
7162,1,0.0030749313,8,663 789 345 217 555 901 432 765
3993,1,0.0030647424,10,"(660, 583, 572, 555, 536, 525, 508, 497, 486, 475)"
6022,1,0.0030566788,10,555;119;355;752;972;816;245;528;371;955
1701,1,0.0030539679,10,439;504;555;478;441;583;616;590;533;486
1145,1,0.0030506685,10,"(850, 321, 965, 247, 618, 555, 789, 432, 198, 305)"
1863,1,0.0030388226,10,"[180, 221, 262, 303, 344, 385, 426, 467, 508, 549]"
774,1,0.0030370961,7,"(634, 180, 362, 645, 687, 451, 964)"
5510,1,0.0030314789,7,430 519 359 460 349 189 180
6399,1,0.0030270979,7,"396, 180, 621, 274, 215, 348, 165"
2138,1,0.0030266401,10,"[530, 490, 510, 520, 550, 570, 600, 620, 640, 700]"
8747,1,0.0030264875,10,"712, 654, 352, 108, 440, 683, 711, 432, 180, 408"
8276,1,0.0030128181,10,274; 251; 380; 180; 415; 162; 293; 304; 125; 408
7576,1,0.0030090372,10,"778
152
555
686
746
146
556
687
747
147"
8934,1,0.0030089337,8,961;857;276;175;929;783;555;519
1954,1,0.0030001313,10,"646, 505, 322, 770, 603, 747, 689, 555, 330, 792"
994,1,0.0029759785,10,"455, 532, 619, 396, 555, 444, 522, 605, 385, 505"
2207,1,0.0029664142,8,"674,861,717,669,555,447,313,226"
4184,1,0.0029631559,8,479 395 515 665 385 965 555 785
3456,1,0.0029613139,10,"436
523
492
534
467
555
483
512
474
543"
3148,1,0.0029605651,7,"555,563,635,931,729,539,306"
9361,1,0.0029538398,7,"694
447
522
240
555
378
481"
8974,1,0.002916744,10,"921, 746, 512, 672, 180, 254, 617, 257, 912, 764"
9805,1,0.0029122164,10,754 526 153 177 748 522 149 180 744 518
7994,1,0.0029119054,10,"682
453
734
512
398
476
555
641
387
529"
7598,1,0.0029106431,2,180 102 54 27 13 7 4 2 1
6403,1,0.0029042193,10,"401
502
603
316
890
398
698
555
402
503"
4607,1,0.0028930967,5,"[611, 794, 876, 555, 432]"
4814,1,0.0028803817,7,"941
753
648
852
524
180
415"
5386,1,0.0028348088,10,"553, 317, 787, 555, 319, 789, 557, 321, 791, 559"
549,1,0.0028127021,5,169 547 489 684 180
6509,1,0.0027945771,10,"406
357
608
555
804
754
405
356
609
554"
915,1,0.0027913737,10,"882, 547, 298, 174, 429, 600, 583, 365, 327, 699"
3498,1,0.0027889853,10,"450, 498, 504, 566, 600, 632, 654, 686, 700, 722"
152,1,0.0027761393,8,555;562;324;421;471;474;731;164
2330,1,0.0027202848,10,268 468 867 962 383 399 569 574 585 600
7816,1,0.0026523055,11,"599
600
601
139
140
141
967
968
969
872
873"
8095,1,0.0026355919,10,309 960 216 900 882 384 948 756 684 600
3916,1,0.0026346505,7,840 786 655 600 925 468 911
3887,1,0.0026274834,10,"[721, 584, 633, 482, 545, 610, 464, 528, 600, 479]"
2443,1,0.0025588114,10,"582,600,625,649,673,697,721,745,769,793"
4957,1,0.0025572604,10,"[260, 380, 460, 530, 600, 670, 740, 810, 880, 950]"
3451,1,0.0025530646,8,"589,726,938,164,807,828,587,600"
1579,1,0.0025400433,10,560;670;490;700;520;630;380;450;600;510
2511,1,0.0025211632,10,650 634 617 600 583 566 549 532 515 498
7127,1,0.00250881,9,864;720;948;456;600;512;384;240;168;92
1594,1,0.0024901299,10,"815
350
602
605
223
721
853
310
634
600"
2289,1,0.0024497731,10,588 600 612 624 636 648 660 672 684 696
8765,1,0.0024490641,9,"[824, 712, 600, 488, 376, 264, 152, 41, 389, 277]"
4279,1,0.0024198299,11,"861, 856, 872, 595, 308, 596, 597, 598, 599, 600, 601"
9774,1,0.0024058672,10,"480, 528, 560, 582, 600, 612, 624, 636, 648, 660"
1738,1,0.0023830742,10,"600, 456, 722, 983, 345, 801, 674, 432, 710, 948"
1281,1,0.0023619336,10,"593
217
299
298
600
219
301
296
601
221"
8129,1,0.0023562788,8,"890,934,780,512,600,825,950,678"
6163,1,0.0023172049,10,750;650;600;568;542;522;506;492;480;470
8227,1,0.0023065577,10,"[781, 722, 773, 469, 628, 600, 297, 371, 753, 421]"
9011,1,0.0022657252,10,"699
805
299
730
608
600
675
298
727
701"
8670,1,0.0022266984,9,"703, 256, 91, 508, 183, 404, 178, 600, 252, 914"
1394,1,0.0022126833,9,893;741;600;523;445;379;310;252;203
4848,1,0.00221071,11,600 583 567 552 538 525 513 502 492 483 475
7098,1,0.0021643655,8,"902, 878, 633, 600, 251, 197, 152, 119, 84, 41"
1690,1,0.0021495833,8,403 859 432 724 967 352 600 209
6336,1,0.0021317091,10,"320
408
432
456
480
504
528
552
576
600"
3515,1,0.0021067764,10,"599
600
601
139
967
872
138
598
137
968"
8380,1,0.0020967176,10,"599
600
139
967
872
138
597
601
136
968"
8072,1,0.0020008285,5,797 898 406 600 302
7822,1,0.0019948393,10,600 512 558 940 972 660 512 558 940 972
8552,1,0.0019528518,10,796 882 406 598 302 801 884 408 600 303
