,elephant,dolphin,panda,lion,kangaroo,penguin,giraffe,chimpanzee,koala,orangutan
000,3.0,-0.75,-4.25,1.25,-0.75,1.75,-1.75,1.25,-0.25,-2.0
001,4.0,-0.5,-5.0,-0.25,-0.25,0.5,-1.0,0.25,-1.75,-3.25
002,3.5,0.5,-4.25,0.75,1.5,1.75,-1.25,1.0,-0.5,-3.25
003,4.0,-0.5,-4.75,1.0,0.0,1.5,-1.5,0.5,-2.5,-2.75
004,3.5,0.0,-4.0,1.75,-0.5,2.25,-0.75,-0.25,-1.5,-2.75
005,3.0,-0.25,-4.0,1.75,-0.75,3.0,-0.75,1.5,-2.0,-3.5
006,2.75,-0.75,-4.0,-0.25,0.75,3.0,-2.0,1.5,-1.0,-3.0
007,0.75,-0.5,-7.0,4.25,-3.5,-1.0,-3.75,1.0,-3.25,-3.75
008,2.75,-1.75,-6.0,-0.5,-2.5,0.25,-3.25,-1.0,-3.75,-3.5
009,3.0,-0.75,-3.5,1.5,0.5,2.75,-0.75,1.25,-2.0,-2.75
010,3.5,-1.25,-5.25,0.0,-1.0,0.25,-2.0,0.75,-1.25,-4.0
011,4.5,-3.75,-6.75,-1.25,-2.0,-2.0,-2.0,-1.5,-4.5,-4.75
012,3.75,0.5,-4.5,0.0,1.25,2.25,-1.75,0.0,-0.75,-3.0
013,4.25,-0.5,-5.0,0.5,0.25,1.0,-2.0,-0.25,-3.5,-3.25
014,3.75,-0.25,-4.0,0.75,0.25,2.5,0.25,-0.5,-1.25,-2.25
015,4.0,-0.75,-4.5,1.25,0.5,2.75,-0.25,1.25,-2.0,-2.25
016,4.0,-1.5,-4.75,-1.0,1.75,2.25,0.5,1.0,-0.25,-2.0
017,3.25,-0.75,-4.5,1.75,0.75,1.5,1.0,1.0,-2.25,-3.5
018,4.0,-2.0,-5.5,-0.5,0.0,1.0,-1.25,0.25,-2.0,-2.25
019,3.25,-2.0,-3.25,0.75,2.0,2.25,1.5,1.0,-0.25,-3.25
020,4.0,-1.5,-4.5,0.5,0.5,1.0,-0.5,0.75,-1.25,-3.0
021,3.5,0.0,-3.25,0.0,2.75,2.75,-0.5,0.5,0.0,-1.75
022,3.5,-0.75,-4.25,-0.75,3.0,2.5,-0.5,0.5,0.0,-2.5
023,3.5,-0.25,-3.75,0.5,2.5,2.0,-0.5,1.0,-0.25,-2.0
024,3.25,0.0,-3.75,1.0,1.5,2.75,0.0,0.0,0.75,-1.5
025,3.0,0.25,-3.75,0.25,1.5,3.0,0.0,1.25,0.5,-1.75
026,3.5,-0.25,-4.0,-0.5,2.5,2.5,0.25,1.0,0.75,-1.75
027,3.0,0.0,-4.75,1.25,0.75,2.25,0.5,0.75,-0.75,-2.0
028,3.25,-1.25,-5.0,-0.75,0.0,1.0,-1.75,-0.75,-1.75,-2.25
029,3.75,-2.0,-2.5,1.25,2.5,3.5,1.25,1.0,1.0,-1.5
030,4.0,-1.75,-4.25,0.5,-0.5,1.5,-0.25,0.5,-1.25,-2.25
031,4.0,-0.5,-4.0,0.25,0.25,2.5,-0.75,0.5,-1.25,-2.0
032,3.25,-0.25,-3.5,0.75,1.75,2.75,-0.25,0.25,0.25,-1.25
033,3.5,-0.75,-3.75,1.0,1.25,2.25,-0.25,0.5,-1.5,-2.25
034,3.5,0.0,-3.5,0.75,0.75,3.0,0.0,0.25,-0.5,-1.25
035,4.0,-0.5,-4.25,0.5,-0.25,2.0,0.0,0.75,-1.25,-1.75
036,3.75,-0.5,-4.0,-0.5,1.0,2.75,-0.25,1.0,-0.25,-1.5
037,3.25,-0.25,-3.75,1.5,0.5,2.0,0.75,0.75,-1.0,-2.0
038,3.75,-1.0,-4.75,-0.5,-0.5,1.25,-1.5,0.0,-1.25,-2.25
039,4.0,-1.25,-4.0,0.5,0.0,2.0,0.25,0.5,-1.25,-2.0
040,4.0,-1.0,-4.5,0.5,-1.5,1.5,0.25,-0.25,-0.75,-2.25
041,4.0,-0.25,-3.75,0.25,0.0,2.75,0.25,-0.5,-0.25,-2.0
042,3.75,0.0,-5.0,-2.0,-0.5,1.75,-1.0,0.75,-1.0,-3.0
043,3.75,-0.25,-4.0,0.25,0.25,2.75,0.25,0.0,-1.0,-1.75
044,3.25,-0.5,-3.25,-0.25,0.25,3.5,1.5,-0.75,0.0,-2.25
045,3.75,-0.25,-4.0,0.75,-0.5,3.25,1.0,0.25,-1.0,-2.0
046,3.25,-0.25,-3.5,-0.75,1.25,3.75,1.0,0.5,0.75,-1.75
047,3.0,-0.25,-4.0,1.25,-0.5,2.25,1.25,0.0,-1.75,-3.0
048,3.75,-1.25,-5.5,-0.5,-1.75,1.25,-1.0,-0.75,-2.25,-2.5
049,3.25,-1.25,-3.0,0.75,0.5,3.25,1.5,0.0,0.25,-2.25
050,3.25,-1.0,-4.0,1.0,-1.0,2.75,1.0,1.75,-0.75,-2.5
051,3.5,-0.5,-3.0,0.75,0.75,3.5,0.25,1.5,-0.5,-2.25
052,3.0,-0.25,-3.5,0.75,0.5,3.75,0.5,1.25,-0.5,-2.25
053,3.25,-0.5,-3.5,0.75,0.5,3.75,0.75,1.75,-1.25,-1.75
054,3.0,-0.25,-3.0,1.0,-0.25,4.25,0.75,0.75,-0.75,-1.75
055,2.75,0.0,-2.5,2.25,-0.25,3.75,1.5,1.0,-1.75,-2.0
056,3.0,-0.5,-4.0,-0.25,0.25,3.25,0.5,1.25,-0.75,-2.25
057,2.75,-0.25,-4.0,2.0,-0.5,2.5,1.25,1.25,-2.0,-2.5
058,3.25,-1.5,-4.75,0.25,-0.75,2.25,0.0,0.25,-1.75,-2.25
059,3.25,-0.75,-3.75,1.25,0.0,3.0,1.25,1.25,-1.25,-2.0
060,3.5,-1.25,-4.25,-0.5,-0.25,3.0,-0.5,1.25,-0.25,-2.0
061,3.75,-0.5,-3.75,-0.75,0.75,3.0,-0.5,1.0,0.0,-2.0
062,3.5,0.25,-3.5,-0.5,1.5,3.25,0.0,1.0,0.5,-1.75
063,3.75,0.0,-3.75,-0.5,1.0,3.0,-0.75,1.0,-0.75,-2.0
064,3.5,0.0,-4.25,-0.75,0.25,3.0,-0.5,0.5,-0.25,-2.5
065,3.25,-0.75,-3.75,-0.5,0.5,3.0,0.5,1.25,0.0,-2.0
066,3.25,-0.5,-3.5,-1.25,1.5,3.25,0.25,1.25,0.5,-1.75
067,3.25,-0.25,-4.25,0.5,0.25,2.5,0.25,1.0,-0.5,-3.0
068,3.75,-0.75,-4.75,-0.75,0.0,2.25,-1.0,0.25,-0.75,-2.0
069,3.5,-0.75,-4.25,0.25,0.5,2.0,0.75,1.25,0.0,-2.0
070,3.25,-0.25,-5.0,2.5,-1.75,1.0,0.75,1.0,-2.5,-3.5
071,3.0,0.25,-5.25,1.5,-1.25,1.25,0.25,0.0,-2.75,-3.75
072,3.25,0.25,-4.75,1.0,0.0,1.5,0.0,-0.25,-1.5,-3.0
073,3.5,0.25,-4.25,2.0,0.25,2.0,0.5,0.5,-2.0,-2.75
074,3.25,0.25,-4.0,2.5,-0.5,2.25,0.75,-0.25,-1.5,-2.75
075,3.0,0.0,-4.75,2.0,-1.25,2.25,0.5,0.75,-1.75,-2.75
076,2.75,0.25,-4.5,1.25,0.0,2.5,0.75,0.5,-0.75,-3.0
077,3.0,0.0,-4.25,2.75,-0.5,1.75,1.25,1.0,-1.75,-3.25
078,3.25,0.0,-5.0,1.25,-1.5,1.5,-0.5,-0.25,-2.25,-3.0
079,3.5,-0.5,-3.75,2.5,0.0,2.5,1.5,0.75,-0.75,-2.5
080,3.25,-2.5,-6.5,0.25,-3.25,0.5,-2.0,-1.0,-3.0,-2.75
081,3.75,-2.25,-6.5,0.25,-2.25,0.5,-1.75,-1.25,-3.75,-3.0
082,3.75,-1.75,-5.75,0.5,-1.25,1.75,-1.25,-0.75,-2.25,-2.5
083,3.5,-1.25,-5.5,0.0,-1.25,1.5,-2.0,-0.5,-2.5,-1.75
084,3.75,-1.0,-4.75,0.5,-1.5,2.5,-0.75,-1.0,-1.75,-1.5
085,3.25,-1.5,-5.5,0.0,-1.75,1.25,-1.0,-0.75,-2.75,-2.25
086,3.5,-2.25,-4.0,-0.5,0.25,1.25,-0.75,-0.25,-1.25,-2.0
087,3.25,-1.5,-5.75,-0.25,-1.75,1.5,-0.75,-0.75,-3.0,-2.5
088,3.5,-1.5,-5.75,-0.75,-2.0,0.75,-1.75,-1.25,-3.25,-2.5
089,3.5,-2.0,-4.75,0.0,-0.75,1.75,-0.75,-0.75,-1.75,-1.75
090,3.5,-1.0,-3.75,1.0,-0.5,2.25,1.0,1.0,-1.25,-2.0
091,4.0,-1.25,-3.25,0.75,0.25,2.5,1.0,0.75,-1.0,-2.0
092,3.75,-0.75,-3.0,0.5,1.5,3.0,1.0,0.75,0.0,-1.75
093,3.75,-1.0,-3.0,0.75,1.25,3.0,1.0,1.5,-0.75,-1.5
094,3.5,-0.75,-3.0,0.75,0.5,3.0,1.5,0.5,0.0,-1.25
095,2.75,-1.25,-3.5,0.75,-0.25,2.5,1.5,1.25,-1.0,-2.25
096,3.25,-1.0,-4.0,-1.0,1.75,3.0,0.75,1.5,1.0,-1.5
097,2.25,-1.25,-3.5,1.25,0.25,2.0,1.75,0.75,-0.75,-2.25
098,3.25,-1.25,-3.25,0.0,0.75,3.0,0.0,1.0,0.25,-1.75
099,2.75,-1.0,-3.25,0.5,0.5,2.5,1.25,1.75,-0.25,-2.5
100,3.625,-2.25,-4.625,2.375,-0.875,0.125,1.0,1.375,1.25,-2.625
101,4.25,-1.0,-5.5,1.5,-0.75,0.75,-0.25,0.75,-1.25,-3.25
102,3.75,-0.25,-4.5,1.5,1.75,2.5,-0.5,0.75,0.75,-2.25
103,3.75,-1.5,-4.25,2.0,0.75,2.25,0.25,1.0,0.0,-2.5
104,3.75,-1.0,-3.75,2.0,-0.25,3.0,1.0,0.0,0.75,-2.5
105,3.25,-1.25,-5.0,1.75,-1.0,2.5,1.0,2.5,-2.25,-0.75
106,3.75,-1.75,-4.75,1.75,1.25,2.75,0.75,1.0,0.75,-2.0
107,2.5,-1.0,-4.75,2.75,-0.5,2.5,1.75,0.75,-1.0,-2.75
108,3.75,0.375,-9.25,1.25,-5.25,-6.0,-4.25,-2.75,-5.5,-4.25
109,1.5,-4.25,-4.25,1.25,-1.0,2.0,2.5,0.75,0.75,-2.25
110,4.25,-2.25,-5.5,0.5,-2.0,0.0,0.0,-0.25,-2.75,-3.0
111,4.25,-1.25,-3.5,1.25,-1.0,0.5,0.0,0.25,-3.0,-1.25
112,4.25,-1.0,-3.75,1.0,0.25,2.0,0.25,0.0,-0.5,-2.25
113,4.0,-2.0,-4.25,2.0,1.0,2.0,1.0,1.0,-1.5,-2.0
114,2.25,-1.25,-1.0,0.25,0.75,4.0,0.25,-0.25,-0.75,-2.5
115,4.0,-2.5,-5.25,0.0,-0.75,1.5,1.5,0.25,-1.25,-2.25
116,3.75,-2.25,-4.5,-1.5,0.75,2.25,1.5,0.75,0.5,-1.5
117,3.5,-2.25,-5.0,2.0,0.5,1.5,2.0,0.25,-1.25,-2.0
118,3.75,-1.25,-3.5,1.5,0.5,2.75,0.75,0.0,-0.75,-2.0
119,3.5,-2.25,-1.75,2.0,1.75,3.25,1.75,0.5,0.75,-2.5
120,3.75,0.25,-5.75,1.25,0.0,2.0,0.0,-0.25,-0.75,-2.25
121,3.75,-0.25,-4.0,0.0,2.0,4.25,0.25,0.0,1.0,-2.75
122,3.5,0.25,-4.0,0.75,2.5,3.25,0.75,0.25,1.25,-2.5
123,3.75,0.0,-4.5,0.75,1.5,2.25,-0.5,0.25,0.5,-3.5
124,3.25,-0.25,-4.0,1.25,-0.5,2.5,0.75,0.5,0.75,-2.25
125,4.0,-1.5,-5.75,0.75,-1.5,3.0,-0.5,0.75,-1.5,-1.5
126,3.5,-1.5,-5.5,0.5,1.0,3.0,1.5,2.0,0.5,-0.75
127,3.0,-1.25,-5.25,1.0,0.25,3.25,1.0,0.75,0.0,-3.5
128,1.75,-0.25,-7.0,-0.75,-2.75,1.75,-3.25,-1.25,-3.25,-3.75
129,3.0,-2.5,-4.0,0.0,3.5,3.5,1.75,0.5,2.0,-1.75
130,4.25,-1.75,-5.5,1.5,0.25,1.75,0.0,0.0,-1.5,-3.5
131,4.25,-2.0,-6.25,1.0,-0.5,1.25,0.25,-0.25,-3.25,-2.75
132,4.0,-0.75,-4.0,0.75,2.25,2.75,0.0,0.25,-1.0,-1.75
133,4.0,-3.0,-4.25,2.5,2.25,2.0,1.25,0.75,-0.75,-2.25
134,4.0,-1.0,-4.0,0.75,0.75,3.0,1.0,-0.25,-0.5,-2.75
135,4.25,-2.5,-5.0,2.0,-0.75,1.25,0.25,0.25,-2.75,-1.75
136,3.75,-1.25,-5.0,0.0,1.5,3.0,1.5,0.0,-0.25,-2.25
137,2.0,-1.5,-7.25,1.75,-1.0,0.0,0.5,-0.25,-4.5,-3.75
138,4.25,-1.5,-4.25,0.75,1.0,1.75,0.5,0.25,-1.25,-1.5
139,3.75,-2.25,-3.25,1.75,1.75,2.75,1.5,0.5,0.0,-2.0
140,2.0,-2.5,-3.0,0.5,1.5,5.0,1.75,0.0,-0.5,-2.75
141,3.75,-1.5,-3.75,1.25,1.75,3.0,1.5,0.25,-0.5,-2.0
142,3.75,-1.0,-4.5,0.5,1.5,3.0,1.75,0.0,0.25,-2.0
143,2.75,-0.75,-2.5,-0.5,2.25,4.25,1.5,0.0,1.75,-3.0
144,2.75,-1.5,-5.0,0.5,1.5,4.5,1.25,-0.5,0.25,-2.25
145,2.75,-3.25,-5.25,-0.5,-0.25,2.75,2.25,0.25,-0.75,-3.0
146,3.25,-2.25,-5.25,-1.5,0.75,2.75,2.0,0.5,-0.25,-2.5
147,3.0,-2.0,-4.5,1.25,1.0,2.5,2.5,0.75,-1.0,-2.75
148,3.75,-1.5,-5.5,0.0,-0.25,2.25,1.25,0.0,-1.25,-2.25
149,2.75,-3.0,-4.75,0.5,0.25,2.5,2.25,-0.25,-0.75,-2.25
150,4.0,-2.0,-5.75,1.0,-0.5,1.5,1.0,1.0,-1.0,-1.5
151,4.0,-2.0,-4.5,0.75,2.0,2.75,1.25,1.25,0.5,-1.0
152,3.75,-0.75,-4.0,0.75,2.5,3.0,1.0,0.75,0.75,-1.75
153,-0.5,1.0,-11.0,0.25,-2.0,1.0,-2.75,-0.75,-6.0,-3.5
154,3.25,-2.5,-5.25,0.5,0.0,2.25,2.0,0.0,-0.5,-2.5
155,3.25,-2.0,-5.0,1.5,0.5,2.75,1.75,1.25,-1.25,-1.75
156,3.5,-1.75,-4.5,0.0,2.25,3.5,1.75,1.25,1.25,-1.25
157,2.25,-2.25,-5.25,1.0,0.25,2.5,2.25,0.75,-1.0,-2.0
158,4.0,-1.75,-5.5,0.25,0.25,1.75,0.75,0.25,-1.0,-1.75
159,3.5,-1.75,-4.25,1.0,1.75,2.75,2.0,1.25,0.0,-1.25
160,4.25,-2.5,-5.5,0.25,1.0,1.5,1.0,0.5,-0.75,-2.25
161,4.25,-3.0,-5.0,-0.5,1.25,1.5,0.75,0.5,-1.0,-2.75
162,3.75,-1.5,-5.5,0.75,3.0,3.0,1.25,1.25,0.75,-0.25
163,2.0,-1.0,-5.75,-3.5,1.75,4.0,0.75,0.0,0.25,-3.25
164,3.5,-2.25,-4.5,0.25,1.25,2.75,1.75,0.5,0.5,-1.75
165,3.75,-1.75,-5.0,0.0,1.75,2.5,1.75,1.5,-0.75,-1.0
166,3.25,-3.25,-5.25,-1.0,2.0,2.5,2.0,1.25,0.25,-1.75
167,3.5,-2.5,-5.0,0.75,1.0,2.0,1.75,1.0,-0.75,-2.5
168,4.0,0.0,-5.25,1.75,0.5,-0.25,0.25,1.5,-2.25,-0.75
169,0.75,-1.75,-1.75,-0.25,2.75,4.25,-0.5,-0.5,2.0,-4.5
170,3.25,-2.25,-5.5,1.75,0.25,1.0,2.0,0.25,-2.0,-3.25
171,3.75,-1.75,-5.5,1.75,0.5,1.25,1.75,0.25,-2.25,-3.0
172,2.5,-1.0,-4.25,1.0,2.25,2.75,2.0,0.5,0.75,-2.5
173,3.0,-2.0,-4.75,1.0,1.75,2.5,2.0,1.0,-1.0,-1.75
174,2.75,-1.75,-4.75,1.25,0.75,2.75,2.25,0.0,-0.5,-2.5
175,3.25,-1.5,-5.25,2.75,-0.75,1.5,2.0,1.0,-2.0,-2.0
176,3.0,-2.0,-6.0,0.25,0.25,2.75,2.25,0.25,-1.25,-2.0
177,1.75,-3.0,-6.25,2.75,0.25,2.0,2.5,0.5,-1.25,-2.25
178,3.75,-1.0,-5.25,1.5,0.5,2.5,1.75,0.5,-1.0,-2.5
179,2.25,-4.0,-4.75,1.0,1.25,2.25,2.5,0.5,0.0,-2.0
180,2.0,-2.5,-6.5,1.25,-0.5,3.5,2.25,-0.25,-2.25,0.0
181,4.0,-1.5,-5.25,1.25,1.0,2.5,1.25,0.25,-0.5,-1.0
182,3.5,-1.0,-4.75,1.0,2.25,3.0,1.0,0.25,0.75,-1.5
183,4.0,-1.75,-5.25,0.75,1.75,2.5,1.0,0.75,-0.25,-1.0
184,3.75,-1.5,-5.25,0.25,-0.25,2.25,1.0,0.0,0.25,-2.25
185,3.75,-1.5,-5.5,1.25,0.25,1.75,1.25,0.75,-1.25,-1.5
186,3.0,-2.5,-6.0,1.5,2.0,2.0,1.75,0.5,-0.5,-1.5
187,2.0,-3.0,-6.75,4.0,0.0,0.5,0.5,-0.25,-0.25,-2.25
188,3.0,-3.0,-6.75,1.25,-0.25,-0.25,0.75,0.25,-1.25,-0.75
189,3.25,-3.0,-4.75,2.0,1.5,2.5,2.25,1.75,-0.25,0.25
190,3.25,-2.5,-4.75,1.25,1.25,2.0,2.25,0.5,0.25,-2.0
191,3.5,-3.0,-4.5,1.75,1.0,1.0,2.25,0.25,-0.5,-1.75
192,2.5,0.25,-4.0,1.25,3.0,3.0,0.75,1.25,1.25,-0.25
193,2.0,-2.25,-3.75,2.75,2.75,2.75,2.0,0.75,0.5,-0.75
194,3.0,-1.75,-4.0,1.75,1.0,2.25,2.5,0.25,1.25,-2.25
195,2.0,-1.0,-5.5,2.25,1.25,2.25,2.5,2.25,-0.75,-2.0
196,1.25,-2.5,-4.5,-0.25,2.0,4.75,2.25,2.0,1.75,-3.5
197,-0.5,-2.5,-6.0,1.25,0.5,1.75,2.5,0.5,-1.25,-2.75
198,3.25,-0.5,-5.5,0.25,0.25,1.75,1.0,2.0,0.0,-0.5
199,1.0,-2.75,-3.25,0.75,2.5,2.75,2.5,1.25,1.5,-2.25
200,3.75,-1.0,-4.5,1.25,1.5,1.75,0.25,1.5,1.5,-2.25
201,3.75,-1.0,-4.25,0.5,3.0,2.75,0.25,1.0,0.5,-2.75
202,3.0,-0.75,-3.5,0.5,3.75,3.75,0.25,1.0,1.5,-2.75
203,3.75,-1.5,-3.75,1.25,2.75,3.5,0.0,1.0,0.25,-1.75
204,3.5,-1.25,-3.75,0.75,2.0,4.25,0.75,0.0,1.75,-2.25
205,3.25,-0.75,-4.5,1.5,1.75,3.25,1.0,1.5,-0.5,-2.25
206,2.75,-1.75,-5.0,0.0,2.5,4.25,0.5,1.0,2.0,-0.25
207,3.5,-1.25,-5.5,1.25,1.5,3.25,0.75,0.5,-0.75,-2.0
208,3.25,-2.0,-5.75,-0.5,0.0,2.25,-1.75,-0.5,-0.5,-3.0
209,1.75,-3.25,-4.0,-0.75,2.75,4.25,1.0,0.5,1.5,-0.5
210,4.25,-3.0,-5.5,1.5,0.5,1.0,-0.25,1.0,-1.75,-2.25
211,4.25,-2.5,-4.0,0.25,1.25,2.0,0.5,1.0,-0.25,-1.75
212,3.5,-0.75,-4.75,1.5,-1.0,2.75,0.5,-0.75,-2.25,-2.25
213,3.5,-2.25,-3.75,2.0,3.25,3.75,0.75,0.5,0.75,-2.5
214,3.5,-3.25,-2.75,2.25,2.5,3.0,1.75,-0.5,2.25,-2.5
215,3.75,-2.5,-4.25,2.25,1.5,2.5,1.0,1.5,-0.25,-1.75
216,4.25,-1.5,-7.75,-1.0,-1.75,1.0,-1.0,1.25,-1.25,0.0
217,2.25,-2.5,-5.75,2.0,0.5,1.75,2.25,1.25,-1.25,-2.0
218,3.25,-2.75,-4.75,1.5,1.0,4.0,1.25,0.0,1.0,-1.5
219,1.75,-4.75,-2.75,-0.25,3.75,4.5,1.25,0.5,1.25,-2.25
220,2.75,-0.75,-6.0,1.25,2.25,3.5,0.5,0.0,0.25,-1.5
221,4.0,-1.25,-4.0,1.5,1.75,3.5,0.5,1.25,0.5,-1.5
222,1.0,0.75,-4.0,0.5,3.0,2.25,-1.0,-0.5,0.75,-2.5
223,0.25,-2.5,-3.75,0.25,3.25,3.75,1.0,0.75,2.0,-1.0
224,3.25,-2.0,-4.25,2.75,1.75,3.5,1.5,0.75,1.25,-1.5
225,3.0,-2.25,-4.5,2.25,0.5,3.25,1.75,1.5,1.0,-1.5
226,2.75,-2.25,-4.25,-0.25,2.5,3.25,1.75,0.75,1.25,-1.25
227,1.25,-4.25,-3.75,2.0,2.0,2.0,1.75,0.75,1.5,-1.0
228,3.75,-2.75,-3.5,1.25,2.0,1.75,-0.25,0.25,-0.5,0.25
229,2.0,-4.25,-4.0,0.75,1.75,3.25,2.25,0.25,1.0,-0.75
230,3.75,-1.25,-5.5,1.25,2.0,2.25,1.25,0.5,-0.5,-1.75
231,4.0,-1.0,-4.75,1.75,2.0,2.25,0.25,0.75,-0.5,-1.0
232,2.75,-1.0,-4.25,0.75,3.25,3.0,0.5,0.0,1.75,-2.25
233,-0.25,-3.75,-1.25,-0.5,5.0,2.5,-0.25,0.5,2.75,-3.5
234,3.5,-0.75,-3.0,1.5,2.0,3.5,0.75,0.25,1.5,-2.25
235,3.5,-1.25,-4.75,1.25,2.0,2.75,1.5,1.25,0.25,-1.75
236,3.0,-2.75,-4.75,0.0,2.25,3.0,2.25,0.75,1.75,-1.25
237,1.25,-4.25,-5.5,1.75,1.5,1.75,2.5,0.25,-0.25,-3.0
238,3.5,-2.75,-5.0,1.5,0.5,2.0,0.75,0.25,0.5,-1.0
239,3.0,-3.25,-3.25,1.5,2.75,3.25,2.0,0.75,1.25,0.0
240,3.75,-0.75,-4.75,3.0,1.0,2.0,0.5,0.75,0.25,-0.25
241,3.75,-2.0,-5.0,2.0,0.25,1.25,0.25,0.0,-0.5,-0.5
242,3.5,-1.0,-5.25,1.5,2.25,3.25,1.0,0.0,0.75,-1.75
243,4.0,-1.0,-5.0,0.5,2.0,2.0,-0.5,1.0,0.0,0.5
244,2.75,-2.0,-4.0,0.75,1.5,3.5,2.25,-0.5,1.75,-1.75
245,3.0,-1.5,-3.5,2.5,1.75,3.0,2.0,1.5,0.0,-2.25
246,1.75,-1.75,-3.25,-2.0,5.0,3.25,1.0,1.25,3.0,-2.0
247,3.25,-0.5,-4.5,3.75,2.0,2.0,0.75,0.25,0.75,-1.75
248,3.25,-1.5,-5.0,0.75,0.25,1.0,0.75,0.25,-0.75,-2.0
249,2.25,-3.5,-3.75,0.5,1.75,2.75,2.25,0.75,0.0,-1.5
250,3.75,-1.0,-5.0,0.25,0.5,2.5,1.25,1.0,1.0,-1.5
251,3.75,-1.0,-3.75,0.25,2.0,3.0,1.0,0.75,1.0,-1.75
252,3.5,-1.25,-4.75,1.25,2.75,2.5,1.25,1.25,0.5,-0.5
253,2.75,-2.5,-4.0,0.75,3.5,3.0,1.75,1.5,1.0,-1.0
254,3.0,-2.75,-3.75,0.75,1.25,2.75,2.25,0.25,1.5,-2.25
255,-0.25,-2.75,-5.25,0.75,0.0,3.5,-0.25,0.25,0.0,-3.0
256,2.0,-1.75,-5.0,-0.25,0.75,3.0,-0.75,-0.25,1.25,-2.25
257,0.0,-1.5,-3.75,2.25,2.0,2.75,0.75,-0.75,0.25,-1.5
258,3.25,-2.0,-5.25,0.25,1.75,3.0,0.75,0.5,0.75,-0.75
259,1.75,-3.5,-4.0,-0.5,2.5,3.0,2.25,0.75,1.25,-1.0
260,3.0,-2.0,-4.0,0.25,2.75,3.25,1.5,1.0,1.5,-1.0
261,3.25,-1.75,-4.25,0.75,2.5,3.25,1.25,1.25,1.25,-0.75
262,3.25,-1.75,-4.25,-1.5,2.5,2.75,1.75,1.25,2.25,-1.5
263,3.25,-2.25,-4.25,1.5,3.0,3.5,1.5,1.5,1.25,-0.75
264,3.5,-1.5,-5.5,1.0,0.75,3.0,1.75,0.75,0.0,-1.25
265,3.25,-1.0,-3.75,1.25,2.75,3.5,1.5,2.0,1.0,-1.5
266,2.25,-2.25,-4.0,0.5,4.0,3.25,1.25,1.5,2.75,-1.25
267,2.75,-2.5,-4.5,2.25,2.5,3.0,1.75,1.5,0.75,-1.75
268,3.5,-2.0,-4.0,-0.25,1.5,2.75,1.0,0.5,1.25,-1.75
269,0.5,-3.25,-2.75,1.25,3.5,2.5,2.0,1.25,2.0,-1.25
270,3.5,-3.5,-5.75,1.5,-1.25,0.5,1.5,0.75,-1.75,-0.5
271,3.25,-1.75,-4.5,1.0,0.75,1.75,1.25,0.25,-0.75,-1.25
272,3.25,-1.5,-4.5,1.0,1.75,3.0,1.25,0.25,0.75,-1.25
273,2.75,-4.75,-5.5,0.25,1.5,5.5,-0.5,0.0,0.75,-3.0
274,3.0,-1.5,-4.5,1.25,0.75,2.5,1.75,0.25,0.5,-1.75
275,3.25,-1.25,-4.75,3.0,0.75,2.25,1.5,0.75,-0.25,-1.25
276,2.5,-1.5,-4.25,0.0,2.25,2.75,2.0,1.0,2.0,-1.75
277,2.0,-1.5,-4.5,1.25,0.75,2.0,1.75,0.25,-0.25,-2.0
278,2.75,-2.0,-5.25,0.25,0.25,2.0,0.25,0.0,-0.25,-2.0
279,2.0,-3.0,-4.5,0.25,1.75,1.75,2.25,0.75,0.0,-1.0
280,2.75,-1.25,-4.5,0.75,1.0,2.75,1.75,0.0,-0.5,-1.75
281,3.75,-1.75,-3.75,2.0,2.0,2.5,0.75,0.0,0.5,-0.75
282,3.0,-0.25,-4.75,0.75,2.75,3.0,1.25,0.25,0.75,-0.25
283,1.75,-2.0,-4.5,0.5,2.5,3.75,1.75,0.25,0.75,-0.25
284,2.75,-1.5,-4.75,-1.25,0.5,2.5,2.0,-0.75,1.0,-2.5
285,3.0,-2.0,-5.0,1.0,1.75,2.5,2.0,0.75,-0.25,-0.75
286,2.25,-1.75,-4.75,0.0,2.75,3.25,0.0,1.0,2.0,-2.0
287,1.75,-2.75,-4.5,1.75,1.0,2.5,2.25,0.25,0.75,-2.25
288,3.5,-1.75,-7.25,0.0,0.25,1.25,0.5,-0.25,-1.25,-1.0
289,-0.5,-4.75,-3.0,-2.0,2.0,5.0,0.5,-2.25,4.0,-4.5
290,3.5,-3.25,-4.25,0.75,1.5,2.25,2.25,0.25,0.75,-1.25
291,3.25,-1.75,-5.5,0.75,1.25,1.75,1.75,0.5,-2.25,-0.5
292,2.5,-1.25,-4.5,-1.0,2.25,2.25,2.0,-0.25,1.75,-2.25
293,1.75,-3.25,-5.0,0.75,2.25,4.0,2.25,0.0,0.5,-1.5
294,3.0,-2.75,-5.0,1.5,0.75,2.0,2.25,0.25,-0.25,-1.75
295,1.25,-2.25,-4.0,1.25,2.0,2.75,2.25,0.75,0.5,-1.25
296,2.0,-2.0,-6.5,-2.5,0.5,2.5,2.25,-0.25,-0.25,-3.0
297,3.75,-2.25,-5.75,1.0,0.25,1.5,1.5,0.75,-2.25,-0.25
298,3.0,-2.5,-3.75,0.75,2.0,3.25,2.0,1.0,2.25,-1.0
299,1.0,-2.0,-3.5,1.25,2.5,3.5,2.0,0.75,1.0,-1.25
300,-1.25,-4.75,-9.0,6.75,-2.25,-7.25,-5.5,-1.75,-4.0,-4.0
301,3.75,-1.5,-4.75,2.0,0.5,2.5,1.25,1.5,-1.0,-2.0
302,2.75,-0.75,-4.0,2.5,2.0,3.25,1.0,1.5,0.75,-1.25
303,3.0,-1.75,-3.5,2.25,1.0,3.0,1.0,1.0,-0.25,-1.5
304,3.75,-1.75,-5.5,3.0,-1.25,2.5,1.5,0.5,-0.5,-2.75
305,-5.0,-0.5,-14.0,3.25,-2.0,-2.25,-3.5,-3.5,-5.5,-2.25
306,3.0,-1.5,-5.0,1.0,2.75,3.5,1.75,1.0,1.75,-1.5
307,1.75,-1.5,-4.75,2.25,0.0,3.25,1.5,0.75,-0.75,-2.75
308,2.75,-3.5,-5.75,2.25,-2.25,0.0,-1.25,0.0,-1.25,-2.5
309,2.25,-2.75,-4.0,0.75,2.5,2.5,2.25,1.0,0.25,-1.5
310,1.25,-2.25,-2.75,3.25,1.5,2.75,0.0,-0.25,1.5,-1.25
311,3.25,-1.75,-3.5,0.0,-0.75,3.5,0.75,0.0,-0.25,-2.25
312,3.25,-1.25,-3.5,2.5,3.0,3.0,1.25,1.25,1.25,-1.75
313,-1.25,-3.25,-5.75,3.0,1.5,-3.75,-2.5,-2.25,0.0,-3.5
314,2.25,-2.25,-4.75,-1.75,-3.0,3.25,1.75,-0.5,0.0,-3.0
315,3.25,-3.0,-4.0,2.25,1.0,3.75,1.5,1.5,0.25,-0.25
316,3.25,-0.75,-6.5,1.75,-1.0,3.75,0.75,1.25,-0.5,-1.5
317,1.5,-2.75,-4.0,3.0,1.75,1.75,2.0,-0.25,-0.5,-2.75
318,3.25,-3.25,-5.25,0.25,-0.75,1.25,-0.75,0.5,-0.75,-1.5
319,1.0,-4.0,-3.5,1.5,2.0,3.0,2.25,0.5,0.5,-1.5
320,3.25,-0.25,-4.0,1.25,2.0,2.25,1.0,1.25,1.25,-1.0
321,3.5,-0.75,-3.75,1.5,3.25,2.75,-0.25,1.75,0.75,-1.5
322,3.5,-0.5,-3.75,1.0,2.5,2.5,1.25,1.25,1.25,-1.75
323,0.75,-2.25,-4.25,1.75,3.75,1.25,2.0,0.75,1.5,-2.0
324,3.5,-0.75,-4.25,1.5,1.25,3.5,1.75,1.0,1.75,-1.25
325,1.25,-2.75,-4.5,0.25,0.0,2.75,2.5,1.5,0.0,-2.25
326,3.25,-1.5,-3.25,-0.5,2.25,3.5,1.75,1.5,1.75,-1.5
327,2.75,-1.5,-3.5,1.5,1.25,3.25,2.0,1.0,0.0,-2.0
328,3.0,-1.0,-5.25,1.25,0.25,2.75,1.25,1.0,-0.25,-0.75
329,1.0,-4.25,-4.75,1.0,1.75,2.5,2.5,0.75,-0.5,-2.0
330,3.5,-1.5,-4.5,2.25,0.75,2.25,1.5,0.25,-0.75,-1.75
331,2.5,-1.75,-4.0,2.75,0.75,1.75,1.25,0.25,-1.0,-1.0
332,3.75,-1.0,-3.75,1.25,2.0,2.5,1.25,0.25,0.75,-1.75
333,3.25,-1.0,-2.75,2.5,2.75,0.5,1.25,1.25,0.25,-0.75
334,3.5,-1.0,-3.5,1.75,1.0,2.5,1.75,0.25,0.0,-1.5
335,3.0,-2.25,-4.0,2.0,0.5,2.0,2.0,0.75,-1.0,-2.0
336,3.5,-1.75,-5.5,1.25,0.75,1.75,2.0,1.25,-0.75,-1.0
337,1.75,-2.0,-4.75,2.5,1.0,1.25,2.0,0.25,-1.25,-2.25
338,3.5,-2.0,-5.0,3.0,0.25,1.5,1.0,0.25,-0.75,-1.5
339,2.25,-2.75,-4.0,1.75,2.25,1.5,2.25,0.0,-0.25,-1.5
340,3.0,-1.0,-3.25,1.0,0.75,3.25,2.0,0.25,0.75,-1.25
341,3.25,-1.25,-3.75,1.0,1.0,2.5,1.5,0.5,0.25,-1.25
342,3.25,-0.75,-4.0,0.75,2.25,3.0,1.5,1.0,1.25,-0.5
343,2.25,-1.75,-3.5,1.75,1.5,3.5,1.0,0.25,1.5,-0.25
344,2.5,-1.25,-3.5,0.75,0.75,3.25,2.25,-0.25,1.25,-1.5
345,3.25,-1.0,-4.0,2.0,0.75,2.5,1.5,1.0,-0.75,-2.0
346,2.5,-1.0,-3.5,-1.0,1.5,4.0,2.0,1.5,1.25,-1.5
347,1.5,-1.75,-4.25,2.0,0.5,1.75,2.25,0.5,-1.0,-2.0
348,3.5,-1.5,-4.5,1.0,0.5,2.75,1.5,1.0,0.0,-0.75
349,2.0,-2.75,-3.0,1.0,1.25,2.75,2.5,0.75,0.5,-1.5
350,3.0,-1.25,-3.25,-1.0,-0.75,4.25,1.0,1.25,0.25,1.25
351,3.0,-3.0,-5.5,4.25,-0.75,1.0,0.0,1.25,-0.75,-1.0
352,3.5,-0.5,-3.75,2.0,1.5,2.75,1.25,1.25,0.5,-0.75
353,2.5,-2.0,-3.5,0.5,1.5,3.25,2.0,0.75,0.25,-0.75
354,2.75,-1.75,-3.75,0.75,0.5,3.5,2.0,0.5,0.5,-1.25
355,1.0,-5.0,-3.5,0.75,0.25,2.5,2.5,0.25,-0.25,-0.75
356,2.5,-1.5,-4.0,0.5,1.5,3.0,1.75,1.25,2.0,-2.25
357,0.75,-3.25,-4.75,2.75,-1.0,1.0,0.75,0.25,-2.0,-3.25
358,3.25,-1.75,-4.0,0.75,0.0,2.5,1.0,0.5,0.0,-1.0
359,1.0,-3.75,-2.75,1.0,1.25,3.0,2.25,0.75,0.5,-1.25
360,2.5,-0.75,-5.75,2.25,0.25,2.25,1.75,0.0,0.25,-0.75
361,3.0,-1.5,-2.0,1.5,3.0,4.0,1.0,0.0,2.25,-1.5
362,3.0,-1.5,-3.75,0.25,2.25,3.0,2.0,0.75,1.75,-1.0
363,2.0,-2.25,-4.5,1.75,2.25,3.0,2.5,0.75,-0.25,-0.75
364,2.25,-2.25,-2.5,3.0,3.0,3.25,1.75,1.0,1.75,-2.5
365,3.25,-1.5,-3.75,1.75,2.0,3.25,1.75,0.75,1.5,-1.5
366,1.0,-3.5,-4.0,-0.5,3.25,4.5,1.75,1.25,2.75,-1.25
367,1.75,-3.75,-4.0,3.5,1.0,2.0,2.5,1.0,0.25,-1.75
368,3.5,-0.75,-4.0,0.75,0.0,1.5,0.75,0.25,0.0,-1.75
369,3.5,-1.0,-2.75,3.0,2.5,0.0,1.25,1.75,-1.0,-1.25
370,2.25,-3.5,-5.0,0.75,-1.5,-0.75,2.75,-0.75,-2.0,-1.25
371,2.5,-2.5,-4.0,2.25,1.0,1.0,2.25,-0.25,-1.25,-1.75
372,2.75,-1.5,-4.5,0.5,1.5,2.25,2.25,0.0,0.25,-1.5
373,2.0,-2.25,-4.5,1.75,0.75,1.5,2.25,0.0,-1.0,-2.0
374,1.75,-2.0,-4.25,1.5,-0.25,2.5,2.5,-0.5,-0.5,-2.75
375,3.25,-1.5,-4.5,3.0,-1.5,1.25,2.0,1.5,-1.5,-0.75
376,2.0,-2.75,-5.0,0.25,0.0,2.0,2.5,0.0,-0.25,-2.75
377,0.0,-3.5,-4.5,0.5,-1.5,0.75,2.5,-1.0,-3.0,-4.0
378,3.75,-1.75,-4.25,2.25,-0.5,1.75,1.5,1.0,-1.0,-0.75
379,1.25,-3.5,-4.25,1.25,0.25,0.75,2.75,-0.5,-1.0,-2.0
380,3.25,-1.0,-4.5,2.0,0.25,2.0,1.0,-0.25,0.0,-1.25
381,3.75,-2.0,-3.25,1.5,2.25,2.75,1.0,0.0,1.25,-1.0
382,3.5,-0.75,-3.75,1.0,1.75,2.75,1.5,0.25,1.5,-1.25
383,3.25,-1.5,-4.0,1.75,1.0,2.25,2.0,0.25,0.0,-0.75
384,3.75,-1.5,-5.75,0.5,0.0,1.0,1.25,0.25,-0.5,-1.25
385,1.25,-3.0,-5.0,2.0,-1.0,2.75,2.25,-0.5,-1.25,-2.0
386,2.0,-3.0,-5.0,-0.75,0.75,2.75,-0.75,0.75,1.25,-3.5
387,2.25,-3.25,-5.0,1.25,1.0,0.0,2.5,0.25,-1.0,-1.75
388,3.25,-1.5,-3.75,0.25,1.25,3.0,2.0,-0.25,1.0,-1.25
389,1.75,-4.0,-4.0,0.5,1.25,1.25,2.5,-0.75,0.75,-2.5
390,3.25,-2.75,-4.25,1.5,0.75,2.25,2.25,0.25,-0.25,-1.0
391,1.25,-2.0,-2.75,0.25,1.75,3.5,2.25,-0.5,0.5,-1.25
392,3.5,-1.25,-4.0,1.5,1.25,2.75,1.75,1.0,0.0,-1.0
393,2.0,-1.75,-4.0,0.5,2.25,3.0,2.25,-0.25,0.75,-1.75
394,2.25,-1.75,-3.25,0.5,1.0,3.0,2.5,-0.25,1.25,-1.5
395,0.0,-3.5,-4.25,0.25,0.25,2.75,2.5,-0.25,-0.5,-2.5
396,2.5,-1.25,-3.5,0.0,2.25,3.25,2.25,0.75,2.0,-0.5
397,0.75,-2.5,-3.75,2.0,1.75,2.5,2.5,-0.25,0.5,-1.5
398,3.0,-1.25,-3.25,0.5,1.25,3.25,1.75,0.75,1.0,-1.0
399,1.25,-2.75,-3.5,1.5,3.25,3.25,2.0,1.25,1.5,-1.75
400,3.0,-1.25,-4.0,1.5,0.25,2.75,1.75,0.5,1.5,-0.75
401,3.5,-1.25,-3.5,0.75,-0.5,2.5,1.25,-0.75,0.75,-2.5
402,3.5,-0.5,-3.5,1.0,1.75,3.25,1.0,0.25,1.5,-2.0
403,3.25,-1.5,-3.5,2.0,1.0,3.0,0.75,0.25,0.5,-1.25
404,-1.25,-5.25,-3.5,-1.0,1.5,3.0,0.5,-1.25,2.5,-3.75
405,1.0,0.0,-4.0,2.0,0.75,3.25,1.25,0.0,-0.75,-1.25
406,2.25,-0.75,-4.75,-0.25,1.0,4.25,0.75,0.0,1.25,-1.25
407,2.25,-1.75,-4.75,1.25,-0.75,2.25,2.25,-0.5,-1.25,-2.5
408,3.5,-2.0,-4.0,0.0,0.75,2.5,0.75,-1.0,0.5,-2.25
409,3.0,-1.75,-3.75,1.75,1.0,3.25,1.75,0.0,0.75,-1.25
410,3.5,-2.0,-4.25,0.0,-0.5,2.75,1.25,-0.5,-0.25,-2.75
411,4.0,-2.75,-4.0,0.75,-1.25,1.25,1.5,-1.0,-1.25,-3.0
412,2.5,-3.25,-4.25,-1.25,0.25,4.75,1.0,-0.75,1.5,-4.0
413,3.5,-2.0,-3.75,2.0,1.0,3.0,1.25,0.0,0.0,-1.75
414,2.75,-3.5,-5.5,2.75,-0.75,1.0,2.0,-2.25,0.5,-3.0
415,3.5,-3.25,-6.0,-0.75,-1.75,2.25,0.75,-1.5,-1.75,-2.75
416,-1.5,-6.5,-6.75,0.5,-2.75,3.75,-2.25,-3.75,-2.5,-1.75
417,1.5,-4.25,-5.25,0.75,-1.5,-0.5,-1.0,-1.0,-1.0,-3.5
418,2.75,-2.25,-5.0,-1.0,-0.75,2.75,0.5,-0.75,-0.25,-1.75
419,2.25,-6.0,-7.5,2.25,-2.75,-1.5,2.5,2.25,-3.5,-5.0
420,2.0,-2.25,-4.75,-1.0,0.5,1.5,-1.0,2.5,0.25,-2.75
421,3.75,-1.25,-4.25,0.0,0.25,2.25,1.0,-1.0,-0.75,-1.0
422,3.5,-1.5,-3.75,1.0,1.75,3.25,1.75,-0.25,0.75,-2.0
423,3.25,-1.75,-3.25,0.5,2.25,3.25,1.25,1.25,1.25,-1.75
424,2.5,-0.5,-2.5,1.0,1.5,3.5,1.75,0.0,1.75,-1.25
425,2.75,-0.75,-3.25,1.25,1.0,3.25,1.75,0.75,1.5,-0.75
426,3.25,-0.5,-4.25,0.0,1.5,3.0,1.5,1.0,1.25,-0.25
427,3.5,-2.0,-4.5,2.25,-0.25,1.25,1.75,-0.5,0.0,-1.75
428,3.5,-1.5,-3.75,0.5,0.5,2.5,1.5,0.0,0.75,-0.5
429,2.75,-1.5,-4.0,0.0,1.0,2.5,2.25,0.25,-0.5,-1.0
430,3.0,-1.25,-4.25,1.5,0.75,2.5,2.0,-0.25,0.25,-1.5
431,3.25,0.0,-5.25,2.0,-0.25,2.0,1.0,-0.75,-1.75,-0.5
432,0.0,1.25,-12.0,-4.75,-8.0,-6.5,-6.75,-6.0,-7.0,-5.0
433,3.0,0.25,-5.5,-1.25,-0.75,2.5,0.5,-0.5,-1.5,-1.5
434,2.25,0.0,-3.5,1.0,0.25,2.5,2.0,-0.75,0.5,-1.75
435,2.25,-1.5,-5.0,1.75,0.5,2.0,2.0,0.0,-1.0,-1.25
436,2.25,-2.0,-3.75,-0.75,1.0,3.0,2.25,-0.25,1.25,-1.25
437,0.5,-3.5,-5.25,-0.25,-0.5,1.75,2.5,-1.25,-0.5,-3.0
438,3.75,-1.25,-4.25,0.25,0.0,2.5,1.0,-0.25,0.0,-0.75
439,2.5,-2.25,-3.5,1.0,0.75,2.5,2.25,-0.5,0.5,-1.5
440,2.75,-1.25,-5.75,1.5,-0.75,3.0,2.0,-0.25,-0.25,-2.0
441,3.25,-0.25,-4.75,0.5,1.0,4.25,1.0,-0.5,0.25,-1.75
442,1.75,-0.25,-2.75,3.5,3.0,1.25,0.25,-0.5,1.75,-1.5
443,2.25,-1.5,-4.5,3.5,0.75,3.5,2.0,0.75,0.5,-0.5
444,1.5,1.0,-4.75,1.25,-0.25,0.0,-0.25,-1.75,-1.5,-3.5
445,2.0,-2.25,-4.0,0.75,0.25,2.25,2.5,-0.75,0.0,-2.5
446,2.25,-2.25,-4.0,-0.75,1.0,2.75,2.25,-0.25,1.5,-2.25
447,1.5,-2.75,-5.0,1.0,0.0,1.75,2.5,-0.5,-1.0,-2.75
448,3.25,-2.25,-3.75,1.25,-0.25,2.5,0.5,0.25,0.0,-2.25
449,1.75,-3.25,-3.0,1.25,1.25,3.5,2.5,-0.25,1.5,-1.75
450,3.25,-2.0,-5.0,1.5,-0.5,2.5,2.0,0.25,0.25,-0.5
451,1.5,-2.0,-3.0,2.25,2.5,2.5,-2.0,0.0,3.25,-0.25
452,3.25,-1.75,-4.5,-0.25,1.0,2.75,2.0,0.25,1.25,-1.5
453,3.25,-1.75,-3.5,1.25,1.5,3.25,1.75,0.75,0.5,-0.75
454,1.75,-2.5,-3.75,2.0,-0.25,4.0,2.0,0.0,0.0,-2.0
455,2.75,-1.75,-4.25,2.0,0.5,2.75,2.0,0.5,-0.5,-1.5
456,3.75,-1.25,-4.25,-0.25,1.0,3.25,1.0,1.25,0.75,-2.0
457,1.25,-4.0,-5.25,3.0,0.75,2.25,2.0,-1.25,1.0,-2.5
458,3.75,-2.25,-5.5,2.0,-0.75,2.0,0.75,-0.75,-1.0,-1.0
459,2.5,-2.5,-4.0,1.5,0.5,2.75,2.25,0.25,0.0,-1.0
460,3.0,-2.5,-4.75,-0.75,0.25,2.75,2.25,-0.25,0.75,-1.25
461,3.25,-1.75,-4.0,0.25,1.25,3.25,2.0,0.0,1.25,-0.75
462,3.5,-0.5,-4.75,-0.25,1.75,3.5,1.25,1.0,0.75,-1.0
463,2.75,-1.75,-4.25,0.5,1.5,3.25,2.0,0.5,1.0,-0.75
464,2.25,-1.25,-4.5,-0.75,0.5,3.5,2.0,-0.25,1.25,-2.0
465,2.5,-1.25,-4.5,0.25,1.25,3.25,1.75,0.75,0.75,-0.75
466,3.5,-4.25,-4.75,-0.75,0.25,2.75,2.0,0.5,1.0,-3.5
467,2.5,-1.75,-4.25,0.75,0.25,1.75,2.25,-0.25,0.25,-2.5
468,3.75,0.0,-4.25,-1.75,0.25,1.5,0.5,0.0,0.75,-1.75
469,0.25,-4.25,-2.25,-0.5,2.0,3.0,2.25,-0.5,2.5,-2.75
470,2.0,-0.5,-5.25,1.5,-0.75,2.25,2.0,-0.75,-1.0,-2.25
471,3.0,-1.0,-4.75,2.75,0.25,1.25,2.0,0.0,-0.75,-2.5
472,2.75,-0.75,-4.0,1.0,0.75,2.75,2.25,-0.25,1.0,-1.75
473,1.75,-1.75,-4.75,1.0,1.0,2.75,2.5,-0.25,0.0,-1.75
474,2.0,-0.5,-4.25,2.75,0.0,3.0,2.0,-0.25,-0.25,-2.5
475,1.75,-1.0,-4.25,2.0,-0.5,2.25,2.25,0.0,-0.25,-2.25
476,2.25,-0.5,-4.25,1.0,0.0,2.75,2.25,0.0,0.5,-3.0
477,1.75,-1.75,-4.75,2.0,-0.25,1.5,2.5,-0.25,-1.0,-2.75
478,3.0,-0.5,-4.5,1.5,-1.0,2.0,1.5,0.0,-0.5,-2.5
479,1.75,-2.0,-4.25,1.75,0.0,2.0,2.25,-0.5,0.25,-2.25
480,3.0,-0.25,-5.5,2.5,0.0,3.0,1.25,-0.25,0.25,-0.75
481,3.25,-2.0,-4.25,0.25,1.0,3.0,1.75,-0.75,0.25,-2.0
482,3.5,-1.0,-4.25,0.75,1.0,2.75,1.25,0.0,0.75,-1.5
483,3.25,-0.75,-5.25,0.75,1.75,2.75,1.75,0.5,-0.25,-0.5
484,1.25,-1.75,-3.75,-1.0,0.5,4.5,1.75,-1.25,2.25,-4.0
485,3.25,-1.25,-5.25,1.5,-0.5,2.5,2.0,0.25,-1.25,-1.75
486,1.5,-2.75,-5.5,-1.0,0.25,3.75,0.0,0.75,1.5,-2.75
487,2.75,-1.75,-4.75,1.75,-0.25,2.25,2.25,-0.25,0.0,-1.75
488,4.0,-1.25,-5.0,0.75,-0.5,2.25,1.25,-0.5,-1.0,-1.0
489,3.0,-2.0,-3.5,0.75,1.0,3.0,2.25,0.0,0.5,-1.5
490,3.25,-4.0,-5.0,1.5,-0.75,1.5,2.25,0.0,-0.5,-2.0
491,3.0,-2.25,-3.5,0.75,0.75,2.75,2.0,-0.25,0.0,-1.5
492,3.0,-2.0,-4.5,0.0,1.75,2.5,2.25,0.5,1.0,-1.75
493,2.0,-1.75,-3.75,0.25,2.25,3.75,2.0,-0.25,1.0,-1.0
494,0.75,-3.25,-4.0,-0.25,0.5,3.5,2.25,-1.0,1.5,-2.5
495,3.0,-1.75,-4.75,0.75,0.75,3.25,1.75,1.0,0.0,-1.75
496,2.75,-0.5,-8.75,-3.5,-0.25,-0.25,1.5,1.0,-1.75,-4.0
497,0.5,-3.0,-4.75,0.5,0.5,2.25,2.5,-0.75,-0.75,-2.5
498,3.5,-1.5,-3.5,0.75,0.75,2.75,1.25,0.25,0.75,-1.25
499,2.5,-2.25,-3.5,1.25,1.5,3.25,2.5,0.75,1.0,-1.5
500,3.25,-1.25,-3.75,1.75,0.25,2.5,1.5,2.25,1.25,-1.5
501,3.75,-1.5,-4.5,1.0,-0.5,1.5,1.0,1.0,-1.25,-3.0
502,3.0,-3.0,-4.0,0.5,1.25,4.0,1.25,1.25,2.25,-2.0
503,2.5,-2.5,-3.25,1.75,2.0,4.75,0.75,1.5,0.75,-2.0
504,2.25,-2.25,-4.0,0.5,-1.0,3.25,2.25,-0.25,-1.0,-2.25
505,2.25,-2.0,-3.25,2.25,1.0,3.5,2.25,1.25,-0.5,-2.75
506,3.0,-1.25,-3.5,0.0,1.5,4.0,1.75,1.5,1.25,-2.0
507,2.5,-1.5,-3.75,1.75,1.25,3.25,2.0,1.25,0.0,-2.25
508,2.25,-3.5,-6.5,-2.25,-3.0,0.75,-0.75,-0.75,-3.25,-4.25
509,2.75,-2.0,-3.5,1.75,1.0,3.0,1.75,1.25,0.25,-1.75
510,2.75,-2.25,-4.75,1.25,-1.5,2.5,1.0,1.75,-2.25,-3.25
511,3.75,-2.5,-4.25,0.75,-0.25,2.5,0.75,0.75,-2.0,-3.0
512,4.0,-1.5,-4.5,1.0,-0.5,0.75,-1.0,0.5,-0.25,-1.75
513,3.25,-2.5,-4.0,3.5,1.5,3.75,0.25,2.0,-0.5,-0.25
514,-1.0,-6.5,-4.25,0.5,-1.0,5.5,-2.0,-1.5,-0.75,-3.0
515,1.75,-2.25,-3.5,3.0,1.75,4.0,1.5,2.0,-0.25,-3.0
516,0.0,-3.5,-6.0,0.5,2.5,5.25,1.0,0.25,1.25,-2.75
517,1.0,-4.0,-4.5,1.25,0.5,2.75,2.5,0.75,-1.75,-3.0
518,2.25,-2.75,-5.75,1.5,-1.75,3.5,1.25,1.5,-3.25,-2.0
519,-1.5,-5.0,-4.75,1.0,-0.75,5.0,-0.75,-1.5,-1.25,-1.75
520,0.5,-3.25,-4.25,0.5,0.0,1.5,1.0,-0.5,0.25,-2.75
521,2.5,-1.75,-3.5,1.5,1.0,4.0,1.75,1.75,-0.25,-1.75
522,3.0,-0.75,-4.25,0.0,2.5,4.0,1.25,1.5,0.75,-1.0
523,2.5,-2.25,-3.25,1.0,2.5,4.0,1.25,1.5,1.5,-1.5
524,3.0,-1.75,-3.0,2.0,2.25,4.0,1.75,1.0,1.5,-1.75
525,1.0,-1.25,-3.75,3.5,0.75,4.0,1.25,2.25,0.0,-1.25
526,1.75,-1.75,-3.75,0.5,2.0,4.25,1.25,1.5,0.75,-1.75
527,2.5,-1.5,-3.5,2.0,0.5,3.0,1.5,1.0,0.75,-2.25
528,0.75,1.25,-8.25,-2.75,-2.75,-1.0,-2.75,-2.0,-4.75,-3.25
529,1.5,-2.0,-2.25,0.75,3.25,3.75,1.75,0.5,2.75,-2.25
530,3.0,-2.0,-4.0,2.0,0.5,2.75,2.0,1.5,-0.5,-1.25
531,3.0,-1.25,-4.25,2.5,0.75,2.5,1.25,1.25,-1.75,-1.5
532,3.0,-1.25,-3.75,1.5,2.0,3.75,1.75,1.25,1.0,-1.0
533,2.75,-2.25,-4.0,1.5,1.5,3.25,2.0,1.5,-0.75,-1.5
534,2.75,-1.25,-3.5,1.0,0.5,3.75,1.75,0.75,-0.25,-1.5
535,1.75,-2.5,-4.0,2.75,0.5,3.25,2.0,1.5,-0.75,-1.75
536,2.75,-2.25,-3.75,0.25,1.0,3.5,2.25,1.0,0.5,-1.0
537,2.25,-3.25,-4.5,0.75,0.5,2.5,2.5,0.75,-1.25,-2.25
538,2.75,-2.5,-3.25,2.75,0.5,3.5,1.5,0.75,1.0,-1.5
539,1.0,-3.0,-5.5,1.0,-0.75,3.5,2.5,1.0,-2.25,-2.5
540,2.5,-1.75,-4.75,1.25,-1.0,3.0,2.25,0.75,-1.0,-0.25
541,1.0,-4.0,-5.0,-1.0,1.5,5.25,1.0,0.25,-0.25,-3.0
542,3.0,-1.25,-4.0,-0.25,1.0,3.0,1.75,0.25,0.25,-1.5
543,2.5,-2.5,-3.5,0.25,1.25,4.0,2.25,0.75,-1.25,-1.0
544,2.25,-2.5,-5.0,0.0,-0.25,3.0,2.25,-0.75,0.0,-2.0
545,2.5,-1.75,-4.0,2.0,0.25,3.0,2.25,1.0,-1.25,-2.0
546,3.0,-2.0,-4.75,-0.5,1.0,3.75,2.25,1.75,0.0,-1.5
547,1.25,-3.0,-4.5,1.0,-0.25,3.25,2.5,0.75,-1.75,-2.25
548,3.0,-2.5,-4.5,0.5,-0.25,3.25,1.25,0.25,-1.0,-1.5
549,1.75,-3.75,-4.5,0.5,0.25,2.25,2.75,0.5,-1.5,-1.5
550,3.0,-2.25,-5.0,2.0,-1.5,2.0,2.0,1.25,-1.5,-1.75
551,2.75,-2.25,-3.75,1.75,1.0,3.0,2.0,1.25,-0.75,-1.75
552,3.25,-1.25,-4.0,0.75,2.5,3.5,1.25,1.25,0.25,-1.75
553,2.5,-2.5,-3.75,1.25,1.5,3.5,2.0,1.25,-1.0,-2.0
554,2.5,-2.5,-3.75,1.75,-0.25,3.5,2.25,0.5,-0.75,-2.25
555,2.5,-1.75,-4.25,1.75,0.5,4.25,1.5,2.75,-1.0,-1.75
556,2.5,-2.75,-4.5,0.75,1.0,3.5,2.0,1.25,0.25,-2.25
557,1.0,-3.5,-5.0,2.25,-0.25,2.0,2.5,0.5,-1.75,-3.0
558,3.5,-2.75,-5.0,0.0,-0.25,3.25,1.25,0.5,-1.25,-1.5
559,1.5,-3.5,-4.0,0.5,1.0,3.0,2.5,1.0,-0.25,-1.75
560,3.25,-3.0,-4.75,1.75,-0.25,2.25,2.0,1.0,-0.75,-1.5
561,2.75,-1.25,-4.25,1.25,1.75,4.25,1.75,2.25,-0.25,-0.25
562,2.75,-1.75,-4.0,0.5,2.0,3.5,2.25,1.0,1.0,-1.75
563,2.5,-2.25,-3.75,1.0,1.75,4.25,2.0,1.5,0.25,-0.75
564,2.25,-1.75,-4.25,0.5,0.75,3.5,2.25,0.25,0.25,-1.5
565,2.75,-1.5,-3.5,1.75,1.25,3.75,2.0,1.5,-0.25,-1.75
566,2.75,-2.25,-4.25,0.5,1.5,3.5,2.25,1.5,0.5,-2.0
567,2.75,-2.0,-4.25,2.5,0.0,3.0,1.75,1.25,-1.0,-2.5
568,3.0,-3.75,-6.0,0.0,-2.0,1.75,0.5,0.5,-2.25,-3.0
569,2.25,-3.0,-3.75,1.0,1.25,2.75,2.25,0.75,0.25,-2.0
570,2.25,-2.75,-4.75,2.5,-1.5,3.0,2.25,0.5,-1.5,-2.0
571,2.25,-2.25,-3.5,3.0,0.75,3.25,2.25,0.75,-1.0,-1.5
572,1.0,-2.25,-4.25,0.0,1.5,3.5,2.25,0.0,1.0,-2.5
573,2.0,-2.75,-4.25,1.75,0.75,3.5,2.5,1.0,-1.0,-1.75
574,1.75,-1.75,-3.25,2.25,0.0,4.25,2.25,0.25,0.25,-2.25
575,1.0,-2.5,-4.25,4.25,-0.5,3.0,2.0,1.0,-1.0,-2.75
576,2.0,-0.75,-4.0,-0.25,1.5,4.5,0.25,0.25,2.25,-2.75
577,2.25,-1.25,-3.5,4.5,1.0,1.25,1.75,1.25,-0.25,-1.5
578,3.0,-1.75,-4.25,1.25,-0.5,3.0,1.0,0.25,-0.5,-2.0
579,2.0,-2.5,-4.0,1.5,0.25,3.0,2.5,0.5,-0.75,-2.25
580,2.75,-2.25,-5.0,2.0,-0.75,2.75,1.75,0.0,-1.0,-1.75
581,3.25,-2.5,-4.0,0.75,0.0,3.75,1.25,0.5,-0.5,-1.25
582,3.25,-1.0,-4.25,1.25,1.5,3.75,1.25,1.0,0.25,-1.0
583,2.75,-2.5,-4.5,1.75,1.0,3.5,2.0,1.25,-0.25,-0.75
584,3.0,-2.25,-3.75,0.75,0.25,3.75,2.0,0.25,0.75,-1.75
585,2.0,-2.25,-4.25,4.0,0.5,5.0,1.0,0.75,-0.75,-1.25
586,1.75,-2.75,-5.0,1.25,0.75,3.5,0.0,1.5,0.5,-2.5
587,1.75,-4.0,-5.75,1.5,0.25,4.5,2.25,0.25,-1.0,-2.75
588,3.75,-2.25,-4.75,1.25,0.25,3.25,1.75,0.5,-1.0,-1.0
589,1.25,-4.75,-4.0,1.25,1.0,2.5,2.75,0.0,0.25,-2.5
590,3.0,-3.75,-4.75,1.25,-1.0,2.0,2.25,0.5,-1.25,-2.0
591,2.5,-3.0,-3.75,1.75,0.0,2.25,2.25,0.75,-1.75,-1.75
592,3.25,-2.25,-4.0,0.25,1.0,2.5,2.25,0.5,0.25,-1.5
593,1.75,-3.75,-3.25,1.25,1.0,4.25,2.0,1.0,-0.75,-0.75
594,2.5,-2.5,-4.75,0.5,0.25,3.0,2.5,0.5,-0.5,-1.5
595,1.0,-2.75,-4.0,2.0,0.75,2.75,2.5,0.75,-0.75,-1.5
596,2.25,-2.25,-3.75,-0.5,1.5,4.25,2.25,1.75,2.0,-1.75
597,2.0,-2.75,-4.5,1.0,1.0,2.75,2.5,1.25,-1.5,-1.75
598,2.75,-2.5,-3.75,0.75,0.5,3.25,1.75,0.75,0.25,-1.75
599,1.5,-3.25,-4.0,1.0,0.5,3.0,2.25,1.25,-0.5,-2.25
600,4.0,-1.75,-5.0,1.0,0.0,3.0,1.0,1.75,0.75,-0.5
601,3.75,-2.0,-4.0,1.5,1.25,2.75,0.5,0.75,-0.25,-2.25
602,3.0,-2.25,-5.0,1.5,1.0,3.0,1.75,0.5,0.0,-1.5
603,3.25,-1.0,-3.75,1.75,1.75,3.75,0.25,1.5,0.25,-1.0
604,2.0,-3.75,-4.25,3.25,-1.0,3.25,1.0,-0.5,1.0,0.25
605,1.25,-1.25,-5.5,1.5,0.5,4.75,0.5,0.75,-0.75,-2.0
606,3.5,-1.75,-4.0,0.5,0.5,3.0,0.75,2.0,0.25,-1.25
607,2.5,-1.75,-4.0,1.25,0.5,3.0,2.0,1.0,-0.25,-2.0
608,3.5,-1.75,-4.75,0.0,0.5,3.75,0.25,0.5,0.5,-2.0
609,3.5,-1.0,-3.75,0.0,2.0,2.5,1.75,1.0,0.25,-1.5
610,4.0,-2.0,-4.0,0.25,0.5,2.25,1.5,0.75,-0.25,-2.0
611,4.25,-2.25,-4.25,0.0,0.0,2.0,1.0,0.5,-0.75,-2.25
612,3.25,-3.0,-5.0,4.25,0.5,3.75,1.25,1.25,0.5,-2.5
613,2.75,-4.25,-3.5,5.25,1.25,-1.75,-1.0,1.25,-1.0,-1.75
614,4.0,-2.25,-3.5,1.25,1.25,2.25,1.25,0.5,0.25,-1.75
615,2.5,-3.0,-3.5,2.75,3.25,4.5,1.25,1.0,1.5,-2.25
616,0.0,-3.75,-7.0,2.0,0.0,2.25,-1.75,0.5,-0.75,-1.25
617,2.75,-3.75,-4.75,2.25,2.0,5.25,0.5,2.0,0.5,-1.75
618,2.75,-3.25,-1.5,1.5,2.0,3.25,1.5,2.25,1.25,0.0
619,-0.25,-4.0,-6.0,-0.25,3.0,-2.25,0.0,-3.25,1.0,-1.75
620,3.5,-2.0,-4.0,0.5,1.5,2.75,1.5,0.75,0.5,-1.75
621,3.75,-1.75,-3.25,0.25,2.5,3.0,0.75,0.75,1.0,-1.5
622,3.25,-1.0,-3.5,0.25,2.5,2.5,1.25,0.75,1.5,-1.5
623,3.25,-2.0,-3.25,0.5,2.75,3.25,1.0,1.25,1.75,-1.5
624,3.0,-2.0,-2.75,1.25,2.25,4.0,1.75,1.25,2.25,-0.75
625,2.25,-1.75,-3.0,0.0,-0.25,4.75,0.75,0.75,1.25,-1.75
626,-2.0,-5.5,-0.5,-0.5,3.75,1.75,-1.0,-2.5,2.5,-0.75
627,2.75,-1.75,-2.75,0.5,2.0,3.75,1.75,1.0,1.25,-1.5
628,3.25,-2.25,-3.25,-0.75,1.5,3.75,1.75,0.75,1.5,-0.5
629,1.75,-3.75,-3.0,-0.25,2.5,3.5,2.25,0.25,1.5,-0.25
630,4.0,-2.0,-4.25,1.5,0.75,3.0,1.25,1.25,-1.0,-1.5
631,3.25,-0.25,-3.75,1.75,1.75,3.5,1.0,1.0,0.0,-1.25
632,3.5,-1.0,-3.25,0.75,2.25,3.0,0.5,0.75,1.25,-1.25
633,3.5,-1.5,-3.5,1.0,2.5,3.0,1.0,1.0,0.5,-1.0
634,3.5,-1.25,-3.0,1.0,1.5,3.5,1.25,0.75,1.0,-1.5
635,3.25,-2.0,-3.25,1.5,1.5,3.5,1.5,1.25,0.0,-1.25
636,3.5,-1.0,-2.5,0.25,2.25,3.25,1.0,1.25,1.5,-1.75
637,2.5,-3.0,-3.5,1.75,1.0,2.75,2.25,0.5,-0.25,-2.5
638,4.25,-1.75,-3.75,0.0,0.75,2.75,0.25,0.5,-0.25,-1.5
639,3.5,-2.5,-3.25,0.75,2.0,3.0,1.5,0.75,0.0,-1.0
640,3.75,-3.5,-4.75,1.0,-0.25,0.75,1.25,0.75,-0.25,-1.75
641,4.0,-1.5,-5.75,-1.75,-0.75,2.25,-1.75,0.75,-1.75,-2.25
642,4.0,-1.75,-4.0,0.25,2.25,2.25,1.5,1.0,1.0,-1.5
643,3.5,-1.75,-3.5,1.0,2.25,3.25,1.5,1.0,0.25,-0.75
644,3.5,-1.75,-3.25,1.5,1.25,3.0,1.5,0.25,1.0,-1.5
645,2.5,-3.75,-3.0,1.0,1.25,3.25,2.25,0.75,0.0,-2.25
646,3.0,-2.0,-3.25,1.0,2.25,3.25,1.5,1.5,0.5,-1.75
647,2.25,-3.0,-4.5,1.0,1.25,2.5,2.5,0.5,-0.75,-1.75
648,4.25,-2.75,-5.75,0.0,-1.0,1.5,0.25,0.25,-1.5,-1.25
649,2.0,-4.5,-3.25,-0.5,2.5,3.75,2.5,-0.25,1.25,-1.75
650,3.25,-2.0,-4.5,1.75,-0.25,3.0,1.5,1.25,0.0,-1.25
651,3.75,-1.25,-3.75,1.0,1.25,3.0,0.75,1.25,0.25,-1.5
652,3.5,-2.0,-3.75,0.25,1.75,3.0,1.5,0.75,1.0,-1.5
653,3.0,-1.75,-3.25,0.75,1.75,4.0,1.0,1.5,0.5,-1.0
654,3.5,-1.25,-3.0,0.75,1.25,3.75,1.25,1.0,1.0,-1.5
655,3.5,-1.5,-3.75,1.25,0.75,3.5,1.75,1.75,0.0,-1.5
656,3.0,-3.0,-3.25,1.0,2.0,4.0,1.5,1.0,1.0,-1.25
657,3.0,-2.75,-4.25,1.5,1.0,3.25,2.25,1.0,-0.25,-1.75
658,4.0,-1.75,-3.75,0.5,1.0,2.75,1.0,0.75,0.25,-1.5
659,2.0,-3.75,-3.5,0.75,1.5,3.5,2.0,0.5,0.75,-0.75
660,3.75,-2.0,-4.75,1.0,0.75,3.5,1.5,1.5,0.0,-0.75
661,3.25,-2.0,-4.0,1.25,2.0,3.0,1.5,0.75,0.75,-1.75
662,3.25,-1.25,-3.25,0.75,3.0,3.5,1.5,1.25,2.0,-1.25
663,3.5,-2.0,-3.25,0.75,3.0,3.25,1.75,1.25,1.0,-0.75
664,3.25,-1.5,-4.25,0.0,1.0,3.0,2.0,0.5,1.25,-1.5
665,2.25,-3.5,-4.0,2.75,1.25,2.0,2.5,1.75,0.0,-2.5
666,-0.25,-1.5,-9.0,3.25,0.0,-2.5,-4.25,2.0,-4.0,-4.0
667,2.25,-4.0,-3.75,2.75,1.75,2.0,2.25,1.25,0.25,-2.75
668,4.0,-2.0,-4.0,0.75,1.25,2.5,0.5,1.0,0.75,-1.75
669,3.0,-3.25,-3.0,0.5,2.5,3.0,2.0,1.0,1.25,-1.5
670,3.5,-2.25,-4.25,2.0,0.0,2.25,1.75,0.5,-0.25,-2.0
671,3.75,-2.25,-3.5,1.25,1.25,2.25,1.75,0.5,0.25,-1.5
672,3.5,-0.75,-4.5,1.0,1.75,2.75,1.25,1.5,0.25,-1.25
673,2.75,-1.5,-3.25,1.5,2.0,3.5,2.0,1.0,0.75,-0.75
674,3.0,-1.25,-3.5,1.5,0.75,3.25,2.0,0.5,1.0,-2.0
675,2.75,-2.25,-3.75,2.25,0.0,2.75,2.0,1.5,0.0,-0.75
676,0.25,-3.5,-2.75,-0.5,2.25,5.0,1.0,-0.25,3.5,-4.75
677,2.0,-1.75,-4.0,2.0,0.75,2.75,2.25,0.5,0.5,-1.25
678,4.0,-2.25,-4.25,1.0,0.0,2.75,0.5,1.0,-0.25,-1.75
679,2.75,-2.75,-3.25,1.5,2.0,3.0,2.25,0.5,1.25,-1.25
680,3.75,-1.5,-4.75,1.75,-0.25,3.0,0.75,0.25,0.25,-2.0
681,4.0,-2.5,-4.25,1.0,2.0,3.0,1.0,0.5,0.25,-1.25
682,3.5,-1.25,-4.0,0.75,2.25,3.0,1.5,0.75,1.5,-0.75
683,3.25,-1.75,-3.75,1.5,1.75,4.0,0.75,1.0,0.5,0.0
684,3.5,-2.25,-4.0,0.5,0.75,3.25,2.0,0.25,1.25,-1.0
685,1.5,-2.75,-4.5,0.75,0.5,4.0,1.75,0.0,0.25,-2.75
686,3.0,-1.75,-3.25,1.5,0.25,3.5,0.0,0.5,-0.25,-1.25
687,3.25,-3.0,-4.5,1.75,1.0,2.25,2.0,0.75,0.0,-2.25
688,3.75,-2.25,-4.0,0.0,0.75,3.0,0.0,0.25,0.5,-1.5
689,3.25,-3.25,-3.0,0.25,2.25,3.0,2.25,0.5,1.25,-1.25
690,3.5,-3.25,-5.0,1.0,0.0,1.5,2.0,0.75,0.0,-1.25
691,3.75,-2.25,-4.5,0.0,0.25,2.25,1.75,0.5,-0.75,-1.25
692,2.75,-2.25,-4.25,-0.5,2.0,2.25,2.5,0.0,1.5,-1.5
693,3.0,-2.25,-4.75,0.5,1.5,2.5,2.0,1.0,-1.0,-0.5
694,2.25,-2.25,-4.0,0.0,0.0,2.5,2.5,-0.25,1.0,-1.75
695,1.25,-3.25,-4.25,1.0,0.0,2.75,2.5,1.0,-0.5,-2.0
696,3.0,-1.75,-4.25,-0.75,1.5,2.75,2.0,1.25,1.75,-1.25
697,1.0,-3.0,-5.0,0.25,0.25,1.75,2.75,0.0,-0.5,-2.5
698,3.75,-1.75,-3.75,0.0,0.75,2.75,1.25,1.0,1.0,-1.5
699,1.75,-3.75,-4.0,0.0,2.0,2.75,2.5,0.25,0.75,-1.5
700,3.25,-1.0,-5.75,3.0,-1.75,0.25,1.5,0.75,-1.5,-2.5
701,4.0,-1.25,-4.75,2.25,-0.75,1.25,1.25,0.25,-1.5,-3.0
702,3.0,-0.5,-4.75,2.75,0.25,3.25,1.25,0.75,-0.75,-2.25
703,1.75,-1.0,-3.0,3.25,1.0,3.25,0.75,1.5,-0.25,-2.75
704,3.25,-1.5,-5.0,2.0,-1.25,2.75,1.5,-0.5,-1.25,-2.25
705,2.75,-0.75,-5.0,3.0,0.75,2.75,1.5,0.75,-1.5,-2.0
706,2.75,-1.0,-4.0,0.75,0.5,3.25,1.75,1.0,0.0,-2.5
707,2.0,-1.75,-5.5,2.25,-1.5,1.5,2.5,-0.25,-3.25,-3.0
708,3.0,-2.0,-6.5,2.75,-1.0,1.75,0.75,0.0,-1.5,-2.75
709,2.75,-1.75,-4.0,1.5,0.5,2.25,2.25,0.25,-0.75,-2.5
710,3.25,-1.5,-5.5,3.0,-1.5,0.75,2.0,0.25,-2.75,-3.0
711,3.5,-1.25,-4.25,2.75,-0.25,0.5,1.25,0.25,-1.5,-2.5
712,2.5,-0.25,-4.0,1.75,1.75,2.75,1.75,-0.25,0.0,-2.75
713,0.25,-0.75,-3.75,1.75,2.25,-1.25,1.0,-0.5,0.5,-4.25
714,2.75,-1.5,-4.25,2.25,1.0,1.75,2.25,-0.5,-0.5,-3.25
715,1.5,-2.75,-5.0,1.0,-0.25,1.25,2.5,0.0,-1.5,-3.25
716,2.0,-1.0,-4.75,1.75,1.0,3.75,2.0,0.25,-0.5,-2.5
717,2.25,-1.75,-4.25,2.25,1.0,1.5,2.5,0.25,-1.25,-2.5
718,2.0,-2.5,-5.75,-0.25,-1.25,4.0,1.75,-0.5,-1.75,-4.75
719,0.0,-4.5,-4.25,0.75,0.75,1.25,2.5,-0.25,-2.25,-3.75
720,1.25,-1.25,-5.75,3.25,-0.25,3.0,1.25,0.0,-1.5,-2.0
721,3.0,-1.25,-4.0,1.75,1.25,2.75,1.75,-0.25,0.0,-2.25
722,3.0,0.25,-3.75,2.0,1.0,2.5,1.5,0.0,0.0,-2.0
723,3.25,-1.5,-3.75,2.0,1.75,3.0,1.75,0.75,0.25,-1.75
724,3.0,-1.25,-3.5,2.25,0.75,3.25,2.0,0.25,0.75,-1.75
725,2.25,-1.25,-4.0,2.0,0.0,2.25,1.75,0.25,-0.25,-2.75
726,2.5,-1.5,-4.0,0.5,1.5,3.5,2.25,0.5,1.0,-1.25
727,2.0,-0.5,-5.0,1.25,0.25,3.25,1.0,0.0,-0.25,-2.25
728,3.75,-0.5,-5.5,1.0,-0.5,1.0,0.75,-0.25,-1.25,-2.5
729,3.75,-0.75,-4.0,1.0,0.5,1.25,0.5,0.0,-0.25,-1.25
730,2.75,-1.75,-4.75,3.0,-0.5,1.25,1.75,0.5,-1.75,-2.5
731,2.75,-1.5,-3.25,3.0,-1.25,0.0,0.25,0.0,-2.0,-2.0
732,2.5,-0.75,-4.25,1.25,1.25,2.25,2.0,0.0,0.25,-1.75
733,2.25,-1.25,-4.0,2.25,1.0,2.0,2.0,0.25,-0.5,-1.75
734,2.25,-1.0,-3.5,2.5,0.25,2.75,2.25,0.0,-0.25,-2.25
735,2.5,-1.5,-4.5,3.0,0.0,1.25,2.25,0.5,-2.0,-2.0
736,3.0,-1.25,-4.25,0.75,0.75,2.75,2.25,0.25,0.75,-2.25
737,1.5,-2.5,-5.25,1.75,-1.5,0.75,2.0,-0.75,-3.0,-2.5
738,3.5,-0.75,-4.0,1.75,0.0,2.5,1.75,0.25,-0.5,-1.75
739,1.25,-3.25,-4.0,1.25,0.25,1.25,2.5,-0.5,-0.75,-2.0
740,3.0,-1.25,-4.75,2.75,-1.0,2.0,2.25,-0.25,-1.5,-2.5
741,4.0,-0.75,-5.0,2.0,-0.5,1.75,1.5,0.0,-1.75,-2.25
742,2.75,-1.25,-3.25,0.5,1.0,3.25,2.0,-0.25,0.25,-2.5
743,2.0,-2.0,-3.5,1.25,1.5,2.75,2.5,0.5,-0.75,-1.25
744,3.0,-2.25,-4.25,1.0,-1.0,2.0,2.25,-1.0,-0.25,-2.75
745,1.75,-2.25,-4.25,2.0,-0.25,2.0,2.5,-0.25,-1.25,-3.25
746,2.25,-2.25,-4.25,-0.25,1.0,3.25,2.25,0.75,0.75,-2.5
747,3.0,-4.0,-6.75,1.5,-1.5,-1.25,2.0,-1.25,-2.5,-2.25
748,2.75,-1.75,-4.25,1.25,-0.75,2.25,2.25,-0.25,-0.5,-2.5
749,1.25,-3.25,-3.75,1.25,0.0,1.75,2.75,-0.75,-1.0,-2.75
750,3.5,-0.75,-5.75,3.0,-1.75,0.75,1.75,0.5,-1.75,-1.5
751,3.75,-0.75,-4.25,2.75,0.0,1.25,1.5,0.25,-1.25,-1.75
752,3.0,-0.75,-3.75,2.0,1.5,3.0,1.75,0.25,0.75,-1.75
753,2.75,-1.5,-3.75,1.75,1.25,2.5,2.0,0.5,-0.5,-1.5
754,2.0,-1.25,-3.5,1.75,-0.5,3.25,2.25,-0.25,0.0,-2.5
755,3.25,-1.5,-5.0,4.0,-0.5,2.0,1.75,1.0,-2.0,-1.75
756,3.25,-0.5,-4.5,1.75,0.25,2.5,1.5,0.75,-0.25,-1.5
757,1.0,-1.5,-5.5,1.25,-1.25,2.0,2.0,-0.5,-1.5,-3.25
758,3.5,-1.0,-4.0,1.5,0.0,2.5,1.5,0.0,-0.25,-2.0
759,2.5,-1.75,-3.75,2.0,1.0,2.5,2.5,0.0,-0.25,-1.75
760,2.75,-2.5,-5.5,2.0,-0.75,2.0,2.25,-0.5,-1.25,-3.25
761,2.25,-2.0,-4.25,2.5,1.25,2.5,2.25,-0.25,-0.75,-2.25
762,3.0,-1.5,-5.5,2.5,1.25,1.75,1.75,-0.5,-0.25,-2.0
763,2.5,-1.75,-3.5,2.5,2.25,2.75,2.25,0.5,0.25,-2.0
764,2.75,-1.0,-3.75,2.0,0.75,2.5,2.0,-0.5,0.25,-2.75
765,2.75,-1.0,-4.5,2.25,1.0,2.5,2.0,0.25,-0.5,-2.75
766,2.75,-1.5,-4.25,0.75,1.25,2.5,2.0,0.5,0.75,-2.75
767,1.0,-2.5,-5.25,1.0,-0.25,2.25,2.5,-1.0,-1.0,-3.0
768,3.0,-0.75,-6.0,1.5,-0.75,1.5,0.25,0.0,-1.25,-1.5
769,2.5,-1.5,-3.0,1.5,1.75,2.5,2.25,-0.25,0.75,-3.0
770,2.0,-1.75,-5.25,3.25,-1.5,1.0,2.5,-0.5,-2.25,-3.5
771,3.25,-1.25,-4.0,2.75,0.0,1.0,2.0,-0.25,-1.75,-2.5
772,2.0,-1.75,-3.5,1.25,1.25,2.25,2.5,-0.5,0.75,-2.75
773,2.25,-1.5,-3.25,3.5,1.25,2.0,2.25,0.5,-0.75,-2.0
774,2.0,-2.0,-4.0,2.5,-0.75,2.0,2.25,-1.0,-0.75,-3.0
775,1.5,-2.25,-4.0,3.75,-0.75,1.25,2.5,0.25,-1.5,-2.5
776,1.75,-3.0,-4.75,1.25,0.25,2.5,2.75,-0.25,0.5,-3.25
777,1.75,0.0,-3.5,4.5,-0.75,0.25,1.75,1.0,-1.75,-3.0
778,3.25,-1.25,-4.0,2.0,-0.75,1.75,1.5,-0.25,-0.75,-2.5
779,2.0,-2.5,-3.75,2.25,0.5,1.75,2.5,-0.5,-0.25,-2.75
780,3.75,-2.0,-5.25,3.0,-1.25,1.75,1.25,-0.5,-1.75,-2.75
781,3.25,-1.5,-3.5,2.5,1.0,2.75,1.75,-0.5,-0.25,-3.0
782,3.25,-1.0,-3.75,1.75,1.25,2.5,2.0,-0.25,1.0,-2.25
783,3.25,-1.5,-4.0,2.25,1.25,2.5,2.0,0.25,0.0,-1.75
784,3.0,-1.5,-4.5,2.0,0.25,4.5,2.0,-0.5,0.5,-3.75
785,2.25,-2.75,-4.0,2.5,-0.75,2.5,2.25,0.0,-0.75,-2.75
786,4.0,-1.5,-4.75,2.75,-0.5,0.25,1.25,0.0,-1.5,-4.75
787,2.75,-0.75,-4.0,0.5,-1.25,1.0,2.0,-1.25,-1.75,0.0
788,3.75,-1.75,-4.0,0.25,-0.5,2.0,1.75,-1.0,-0.25,-2.5
789,2.75,-2.5,-3.0,2.0,1.75,2.75,2.5,0.5,0.0,-2.5
790,3.25,-3.5,-5.25,2.25,-1.25,1.0,2.25,-1.0,-1.0,-2.75
791,3.25,-3.25,-4.5,1.5,-0.25,0.25,2.25,-0.75,-2.0,-2.5
792,3.5,-1.0,-5.0,0.75,1.25,2.0,2.0,-0.25,-0.5,-1.25
793,2.0,-2.75,-4.0,1.5,1.0,2.0,2.5,-0.75,-0.75,-2.25
794,1.5,-3.25,-4.25,0.75,-0.25,1.75,2.5,-1.75,0.0,-3.0
795,2.0,-2.0,-4.25,2.25,0.0,2.0,2.5,0.0,-0.75,-2.5
796,1.75,-2.75,-4.25,0.0,0.75,2.75,2.75,-0.75,1.5,-2.5
797,1.25,-2.5,-4.0,1.75,0.25,1.0,2.5,-0.5,-0.5,-3.25
798,1.5,-3.0,-1.0,1.0,-0.75,2.0,2.25,-1.0,-2.5,-4.25
799,1.5,-4.0,-4.0,1.25,0.5,1.5,2.5,-0.5,0.5,-3.25
800,3.5,-1.75,-5.75,1.5,-1.5,1.25,-0.25,0.25,-1.5,-1.25
801,2.75,-2.0,-6.0,0.75,-0.75,1.75,-1.25,-0.5,-2.0,-1.75
802,2.5,-1.75,-6.25,-0.25,-1.25,0.5,-2.0,-0.5,-0.75,-2.5
803,3.25,-2.0,-5.25,1.0,-0.75,1.75,-1.0,0.0,-1.5,-1.5
804,3.5,-2.0,-4.25,1.25,-0.5,3.0,-0.25,-0.5,-0.25,-1.5
805,3.0,-2.5,-5.0,2.25,-0.25,2.75,0.75,1.5,-0.75,-1.0
806,3.25,-2.25,-5.75,0.25,1.75,3.5,1.0,0.0,0.0,-2.25
807,3.25,-1.25,-5.25,1.75,-0.75,2.0,0.5,0.0,-1.25,-2.5
808,3.75,-5.0,-7.25,1.0,-2.75,-0.5,-2.75,-1.75,-3.5,-3.25
809,3.5,-2.25,-3.25,0.75,1.75,3.25,1.5,0.5,1.25,-1.25
810,4.0,-2.75,-6.0,1.25,-2.25,0.5,-1.5,-1.0,-2.75,-1.5
811,4.5,-3.0,-7.25,0.25,-3.0,-0.5,-1.0,-1.25,-4.25,-2.25
812,4.0,-1.25,-4.5,1.5,0.25,1.75,-0.75,-0.75,-1.0,-1.75
813,4.0,-2.25,-4.75,3.0,1.5,1.25,-0.25,0.25,-2.0,-1.75
814,4.0,-2.0,-3.75,1.5,0.5,2.75,0.75,-0.5,-0.25,-1.5
815,3.25,-1.25,-5.0,2.5,1.25,2.25,0.75,0.75,-0.25,-1.5
816,3.5,-2.75,-4.75,1.5,1.5,2.5,0.25,-0.25,-0.25,-2.25
817,2.75,-1.75,-5.0,2.5,1.5,1.5,2.0,0.0,-1.25,-2.75
818,1.0,-3.75,-3.75,1.0,2.0,1.5,-0.75,-2.25,-0.25,-2.0
819,2.75,-2.25,-2.75,2.0,3.25,3.75,1.5,0.75,1.25,-0.25
820,3.75,-1.5,-5.0,1.0,0.75,2.25,0.5,-0.5,-0.75,-1.5
821,3.75,-2.0,-4.25,0.75,0.75,2.0,0.5,-0.5,-1.0,-1.25
822,3.5,-1.0,-5.0,0.5,1.0,2.0,0.0,-0.5,-0.75,-1.25
823,3.75,-1.5,-4.75,1.25,1.75,2.75,0.5,0.5,0.0,-0.75
824,3.25,-1.75,-3.25,0.75,0.75,3.25,1.0,-0.5,1.0,-1.25
825,2.75,-1.25,-5.5,1.0,0.25,2.5,0.0,0.25,-0.75,-1.5
826,1.75,-2.5,-4.75,-0.75,-0.75,2.75,0.25,0.0,-1.0,-0.5
827,3.5,-1.5,-5.0,1.75,0.25,2.0,1.0,-0.5,-1.0,-1.75
828,2.25,-1.75,-5.75,0.25,-0.25,2.5,-0.5,-1.0,-2.25,-2.0
829,3.25,-2.75,-3.75,0.75,1.5,2.5,2.0,0.0,1.25,-0.75
830,4.0,-2.0,-5.0,1.75,0.0,1.75,0.25,-0.25,-1.5,-1.75
831,3.5,-1.0,-5.0,1.5,0.25,1.5,0.25,-0.5,-1.25,-0.75
832,3.25,-1.25,-4.5,1.0,1.5,2.0,0.5,-0.5,0.5,-1.25
833,3.75,-1.0,-4.0,1.75,1.5,2.25,0.5,0.25,0.0,-0.25
834,3.75,-0.75,-4.0,1.25,0.5,2.75,0.5,-0.25,-0.5,-1.5
835,3.5,-1.5,-5.0,1.75,-0.25,1.5,0.75,-0.5,-1.5,-1.0
836,3.75,-1.0,-4.0,0.25,1.25,2.75,0.75,0.25,0.5,-1.5
837,3.5,-1.0,-4.5,2.5,0.5,2.0,1.25,0.0,-0.75,-1.5
838,4.0,-1.25,-4.5,1.0,-0.25,1.75,-0.25,-0.5,-1.5,-1.5
839,3.75,-2.0,-3.5,1.25,1.5,2.75,1.0,0.0,0.75,-1.5
840,4.25,-2.75,-5.0,1.5,-1.75,0.25,0.0,-0.5,-3.0,-1.75
841,3.5,-1.5,-3.5,0.5,1.25,2.75,1.25,-0.75,0.75,-1.5
842,3.75,-1.5,-4.25,0.5,0.75,2.0,0.5,-0.5,-0.25,-1.5
843,4.0,-1.75,-4.0,1.0,1.5,3.0,1.0,0.0,-0.5,-0.5
844,3.5,-1.0,-4.0,0.75,-0.5,2.5,1.25,-0.75,-0.25,-1.0
845,3.75,-1.25,-4.25,1.5,0.5,3.0,1.25,0.0,-0.5,-1.5
846,3.5,-1.25,-4.25,0.0,1.25,3.25,0.75,0.25,0.5,-1.5
847,2.5,-1.0,-4.75,2.5,0.5,3.0,1.75,-0.25,-1.0,-1.75
848,3.75,-1.5,-4.5,0.75,-0.5,2.5,0.5,-0.5,-1.5,-2.0
849,3.5,-2.0,-3.5,1.25,1.25,2.75,2.0,0.0,0.5,-1.25
850,3.5,-2.0,-6.0,1.25,-1.25,1.5,0.25,-0.5,-1.75,-1.25
851,3.75,-1.5,-4.75,1.25,-0.25,1.75,0.25,-0.25,-1.75,-1.25
852,3.75,-1.0,-4.25,0.75,1.25,2.5,0.5,0.0,-0.5,-0.5
853,3.75,-1.25,-4.0,1.5,0.75,2.5,1.0,0.25,-1.0,-0.75
854,3.75,-1.5,-4.0,2.0,0.0,3.0,1.25,-0.25,-0.75,-1.25
855,3.75,-2.0,-4.75,1.75,-0.5,2.0,1.0,0.5,-1.75,-0.75
856,3.75,-1.75,-4.5,0.25,0.5,2.75,1.0,0.0,-0.25,-1.25
857,3.25,-1.75,-4.25,2.75,0.0,2.0,2.0,-0.5,-1.25,-1.75
858,2.25,-1.5,-6.5,0.25,1.0,3.25,1.0,-2.0,-0.75,0.0
859,3.25,-3.0,-3.75,1.25,0.75,2.25,2.0,0.0,0.25,-1.0
860,3.75,-2.5,-5.5,1.0,-1.25,0.75,-0.25,-0.5,-2.25,-1.25
861,3.75,-0.75,-3.75,1.25,1.0,2.75,0.75,0.0,-0.75,-1.0
862,3.25,-0.5,-3.5,0.75,1.75,3.0,0.5,0.25,0.25,-1.25
863,3.75,-1.0,-3.75,1.0,1.0,3.0,0.5,0.5,-1.0,-0.75
864,3.75,-0.5,-6.0,1.25,-0.5,2.0,-0.5,-0.5,-1.5,-1.0
865,3.25,-1.25,-3.75,2.0,0.75,3.0,1.75,0.75,-1.0,-0.75
866,3.25,-1.5,-4.25,0.25,0.75,3.0,1.0,0.5,0.5,-0.75
867,3.0,-1.25,-4.5,2.25,0.5,3.0,1.0,0.5,-0.5,-1.75
868,3.5,-1.5,-4.0,0.75,-0.25,2.0,0.5,-0.25,-1.0,-2.0
869,3.25,-2.5,-3.25,1.5,1.25,2.75,2.0,0.25,0.75,-2.25
870,4.0,-2.25,-5.5,1.75,-1.25,0.75,0.5,-0.75,-2.0,-1.5
871,4.0,-1.25,-4.5,1.5,0.0,1.5,0.5,-0.75,-1.5,-1.75
872,3.5,-0.75,-4.0,1.25,1.0,2.5,0.75,-0.25,0.25,-1.25
873,3.75,-1.25,-3.75,2.0,1.5,2.5,1.75,0.25,-0.25,-0.75
874,3.5,-1.0,-3.75,1.5,0.0,2.75,1.25,-0.75,0.25,-1.5
875,3.5,-1.0,-4.25,2.75,-0.25,2.5,1.25,0.75,-0.25,-0.5
876,3.25,-0.5,-5.0,2.25,1.75,2.75,1.0,-0.25,1.0,-0.75
877,3.25,-1.5,-4.75,2.25,-1.0,2.0,1.5,0.0,-1.25,-1.0
878,3.75,-1.25,-4.5,1.25,-0.25,2.0,0.5,-0.75,-1.25,-1.5
879,3.75,-1.5,-3.75,1.75,1.0,2.5,1.5,0.0,0.25,-1.25
880,3.75,-1.25,-5.25,0.25,-1.0,1.25,-0.25,-1.25,-1.75,-1.5
881,3.75,-1.75,-4.25,1.0,0.0,1.75,0.0,-0.75,-1.5,-1.25
882,3.5,-0.25,-4.0,1.0,1.25,2.5,0.0,-0.25,-0.25,-1.0
883,3.5,-0.75,-4.25,1.25,0.75,2.5,0.0,0.0,-0.75,-1.0
884,3.25,-2.5,-3.0,0.25,0.5,3.25,1.5,-0.75,0.25,-0.75
885,3.75,-1.5,-4.5,1.0,-0.25,2.25,0.75,0.25,-1.25,-0.75
886,3.75,-1.5,-3.75,0.0,0.75,2.5,0.5,0.25,0.0,-1.25
887,3.0,-1.75,-4.0,1.75,-0.25,2.0,1.75,-0.25,-1.0,-1.75
888,3.75,-1.25,-5.0,0.25,-2.0,0.75,-1.75,-0.25,-3.25,-1.5
889,3.75,-2.0,-3.0,1.25,1.5,2.25,1.5,0.0,0.5,-1.0
890,4.0,-3.25,-5.25,1.0,-1.0,0.5,0.5,-1.0,-1.5,-1.75
891,4.25,-2.25,-5.75,0.75,-1.0,1.0,0.25,-1.25,-3.5,-1.5
892,3.25,-2.0,-4.0,0.25,1.5,2.0,1.5,-0.75,0.5,-1.0
893,2.75,-2.75,-3.75,1.25,1.75,2.75,2.0,-0.25,0.25,-0.75
894,3.5,-1.75,-3.5,1.0,1.0,3.0,1.75,-0.5,0.5,-0.75
895,2.75,-2.25,-3.5,2.5,0.5,2.25,2.0,0.25,-0.25,-0.75
896,3.5,-2.0,-5.0,0.75,0.25,1.5,1.25,0.0,-0.25,-1.0
897,2.75,-2.5,-4.0,1.5,2.0,2.5,2.5,0.0,0.0,-0.75
898,3.25,-2.0,-3.75,1.25,0.5,2.25,1.0,-0.25,-0.25,-1.25
899,1.75,-3.5,-3.5,1.0,1.5,2.75,2.5,-0.25,1.75,-1.0
900,3.0,-1.25,-4.25,1.75,0.5,1.75,1.75,1.0,0.75,-1.25
901,3.0,-1.5,-3.0,0.5,1.75,3.0,1.5,0.75,0.0,-2.0
902,2.75,-0.25,-3.25,1.0,2.25,3.25,1.75,1.0,1.0,-0.75
903,1.75,-2.25,-1.75,2.25,3.75,4.25,1.0,1.75,1.25,-1.0
904,2.0,-2.0,-3.25,0.5,1.0,3.75,1.75,0.0,1.75,-1.75
905,-2.25,-4.75,-6.75,2.25,-1.25,2.75,-3.0,-2.0,-2.75,-1.5
906,2.5,-2.25,-3.75,-0.5,2.5,4.5,1.0,1.5,2.0,-1.25
907,1.25,-2.0,-3.0,2.75,1.5,2.75,1.75,1.25,0.5,-0.75
908,3.5,-1.25,-4.5,0.5,1.25,2.5,0.75,0.75,0.25,-1.25
909,1.5,-3.25,-2.75,0.5,2.5,3.0,2.25,1.0,0.25,-2.5
910,3.5,-1.75,-3.5,1.75,1.0,1.75,1.75,1.0,0.0,-2.0
911,3.25,-1.5,-4.0,4.25,-0.25,2.25,1.5,0.5,-1.25,-3.25
912,1.5,1.0,-6.25,1.5,-1.75,-0.5,-0.75,-0.25,-3.0,-0.75
913,2.25,-2.75,-3.25,3.5,2.25,2.0,1.75,1.5,-1.0,-2.75
914,-0.25,-2.0,-3.0,2.75,1.5,3.75,0.75,-1.5,1.0,-2.5
915,0.75,-3.75,-5.75,1.25,0.5,0.5,2.5,0.75,-2.0,-3.0
916,2.25,-4.25,-6.25,0.0,2.75,2.25,1.25,-0.25,-0.25,-1.5
917,1.0,-3.25,-3.75,1.5,0.75,2.25,2.5,0.0,-1.75,-3.75
918,3.0,-3.0,-5.5,3.0,-0.25,0.5,1.5,1.5,-2.0,-1.25
919,1.5,-2.75,-2.75,2.25,2.5,1.25,2.25,1.25,-0.25,-3.0
920,3.0,-1.25,-3.0,1.5,2.25,2.5,1.75,0.75,1.0,-1.5
921,3.25,-1.25,-2.75,0.75,2.75,2.25,1.5,0.75,0.5,-1.25
922,2.75,-1.25,-3.75,1.0,2.0,2.5,1.5,0.5,0.5,-2.0
923,2.75,-1.25,-2.75,1.0,3.0,3.0,1.5,1.25,1.0,-1.25
924,2.75,-0.5,-2.75,2.5,1.25,2.25,1.75,0.75,0.25,-0.75
925,3.25,0.0,-3.25,0.5,-0.75,2.0,0.5,-0.25,0.0,-2.75
926,2.25,-1.75,-2.75,0.0,3.25,3.5,1.75,1.0,2.0,-0.75
927,2.25,-1.25,-3.0,2.25,2.0,3.0,1.75,0.75,0.0,-1.75
928,3.0,-0.75,-3.5,2.25,1.0,3.25,1.25,0.5,0.25,-0.75
929,1.5,-2.25,-2.5,0.75,2.25,3.0,2.25,0.25,1.25,-1.5
930,2.75,-1.25,-3.25,2.5,1.5,2.75,2.0,0.75,-0.5,-1.5
931,3.25,-0.5,-2.5,1.5,1.5,2.75,1.25,1.0,-0.25,-1.0
932,2.5,-1.0,-2.75,1.0,2.5,3.25,1.25,0.5,1.5,-1.0
933,2.75,-1.25,-3.25,1.5,2.0,2.5,1.75,1.0,-0.25,-1.25
934,2.75,-1.25,-3.25,1.25,1.0,2.75,2.0,0.25,0.25,-1.25
935,2.75,-0.75,-4.0,1.75,0.5,2.25,1.75,0.5,-1.0,-1.0
936,2.75,-1.75,-3.0,0.0,2.0,3.5,2.0,1.0,1.25,-1.25
937,0.5,-3.25,-3.75,0.25,0.75,1.75,2.5,-0.75,-1.0,-2.0
938,3.75,-1.25,-3.0,1.25,1.5,3.0,1.25,1.0,0.25,-0.75
939,1.5,-2.25,-2.5,1.25,1.75,2.75,2.25,0.5,0.0,-1.75
940,2.75,-1.75,-3.5,1.75,0.5,2.5,2.25,0.0,0.25,-1.75
941,2.5,-1.5,-3.75,0.75,0.75,2.5,2.0,0.0,-0.5,-1.25
942,3.25,-1.25,-3.75,0.0,1.5,2.5,1.75,0.5,0.0,-1.5
943,2.5,-1.75,-3.25,1.0,2.0,2.75,2.25,0.75,-0.5,-1.75
944,2.25,-1.5,-4.0,2.0,-0.25,2.0,2.25,-0.75,-0.5,-2.25
945,3.0,-2.0,-4.0,1.5,0.25,1.5,2.0,1.75,-2.75,-0.25
946,2.25,-2.5,-4.25,-0.75,1.25,3.25,2.25,1.0,0.75,-2.0
947,0.75,-2.5,-4.5,1.25,0.5,2.0,2.5,0.0,-1.75,-2.25
948,3.25,-1.75,-3.5,1.0,1.5,2.75,1.75,1.25,0.5,-1.0
949,1.25,-2.5,-2.5,1.25,1.75,2.75,2.5,0.0,0.5,-2.25
950,2.75,-2.0,-3.75,1.75,0.75,1.75,1.75,1.0,0.5,-1.25
951,3.25,-1.25,-2.75,1.0,1.75,2.25,1.5,1.0,-0.25,-1.5
952,2.5,-0.75,-2.5,1.5,2.75,3.75,1.5,0.5,1.25,-1.0
953,2.75,-1.75,-2.5,1.25,2.25,3.25,1.75,1.0,0.25,-1.25
954,2.5,-1.25,-3.0,1.75,1.5,3.5,2.0,0.5,0.75,-1.0
955,3.0,-1.25,-4.25,1.25,0.0,1.5,2.0,1.0,-0.75,-2.5
956,2.75,-1.25,-3.5,-0.25,2.25,3.25,1.75,1.0,1.25,-1.5
957,1.75,-2.25,-4.0,1.5,0.75,2.25,2.5,0.5,-1.25,-2.5
958,3.5,-2.25,-4.0,1.0,0.5,2.75,1.25,0.0,-0.25,-1.25
959,1.75,-2.25,-3.25,1.75,1.25,2.5,2.25,0.5,-0.5,-1.75
960,3.0,-2.5,-4.25,3.0,-0.25,2.0,2.0,0.75,-1.0,-1.25
961,0.0,-2.5,-3.25,-1.0,1.75,5.25,1.75,-1.0,0.0,-4.25
962,2.25,-3.0,-3.75,0.0,2.25,2.75,2.5,0.5,0.75,-1.25
963,2.5,-2.75,-3.25,1.0,2.5,3.0,2.25,1.5,-0.25,-1.0
964,2.25,-1.75,-3.25,2.25,0.5,2.75,2.25,0.0,0.5,-1.5
965,2.25,-1.5,-3.5,1.25,1.5,2.5,2.25,1.0,0.0,-1.5
966,2.75,-1.5,-4.25,0.75,2.25,2.5,2.0,1.25,1.0,-1.25
967,1.25,-2.5,-3.75,1.25,1.0,2.5,2.75,0.25,-0.25,-2.25
968,3.5,-1.75,-3.75,0.25,0.5,2.75,1.75,0.25,0.5,-1.5
969,1.75,-2.75,-2.0,0.5,2.0,3.25,2.25,1.0,0.75,-1.75
970,1.25,-1.5,-4.75,2.0,-0.25,1.25,2.5,0.0,-1.25,-3.0
971,2.0,-0.5,-4.75,2.25,0.5,1.0,2.25,0.0,-1.5,-2.5
972,2.25,-2.0,-4.0,1.75,1.75,1.25,2.25,0.25,0.5,-0.75
973,1.0,-1.75,-3.75,2.75,2.0,1.25,2.0,0.5,-0.75,-2.0
974,2.5,-1.5,-3.25,2.25,0.25,2.25,2.0,-0.5,0.25,-2.0
975,2.75,-0.75,-3.25,2.75,0.75,2.25,1.75,1.0,0.0,-1.25
976,2.5,-1.5,-3.75,0.25,1.75,3.5,2.25,0.5,1.5,-1.75
977,1.75,-1.25,-4.25,2.25,0.25,1.0,2.5,0.0,-1.0,-2.5
978,2.5,-1.0,-3.75,1.75,-0.25,2.5,2.0,1.0,0.0,-0.75
979,1.75,-2.0,-2.75,1.25,1.25,2.75,2.5,0.25,0.25,-1.5
980,3.5,-2.0,-4.0,2.25,0.5,2.0,1.5,0.5,0.0,-1.5
981,3.25,-2.0,-2.5,2.0,2.25,3.0,1.75,0.75,0.5,-1.0
982,2.75,-2.25,-3.75,0.5,2.5,2.5,2.0,-0.25,1.25,-1.25
983,2.75,-2.25,-3.25,1.25,2.5,3.0,1.75,1.0,0.0,0.0
984,2.5,-1.75,-3.75,0.25,0.75,2.75,2.25,-0.25,0.25,-1.25
985,2.75,-1.75,-3.25,2.25,1.0,2.5,2.0,0.75,-0.25,-1.5
986,3.5,-2.0,-4.0,0.0,2.0,3.25,1.75,1.75,1.25,-1.25
987,2.5,-2.25,-4.25,1.25,0.5,1.75,2.5,0.75,-2.0,-2.0
988,3.25,-1.0,-4.5,1.25,0.75,2.0,2.0,-0.5,0.25,-2.25
989,1.25,-3.25,-4.25,-1.5,0.75,1.75,2.5,-0.25,-1.0,-2.75
990,3.5,-2.25,-3.75,1.25,0.5,1.75,1.75,1.0,-0.25,-1.75
991,3.5,-1.75,-4.25,1.5,1.0,1.75,1.5,0.5,-0.75,-2.25
992,2.5,-0.75,-3.5,1.0,2.5,3.0,2.25,0.5,1.25,-2.25
993,3.0,-2.25,-3.0,3.5,0.75,3.25,1.5,0.75,-1.75,-2.0
994,2.25,-3.0,-3.25,2.0,0.0,2.75,2.25,-0.75,0.25,-2.25
995,1.75,-2.75,-3.5,3.0,1.25,2.25,2.25,1.5,-0.5,-2.0
996,0.25,-3.5,-2.5,0.0,2.5,2.5,0.5,2.0,1.0,-2.75
997,1.5,-2.25,-3.75,2.0,1.25,2.0,2.5,0.5,-0.25,-3.0
998,2.75,-2.5,-2.25,0.0,2.5,3.25,0.25,1.0,2.75,-1.25
999,3.5,-1.25,-2.25,2.5,2.5,3.0,1.0,1.75,1.25,-2.5
