,dog,cat,elephant,lion,tiger,dolphin,panda,giraffe,butterfly,squirrel
000,-8.0,-5.5,-3.5,2.5,-1.0,-6.0,1.0,-0.5,2.5,-4.5
001,-6.25,-3.25,-2.25,3.25,1.25,-3.25,1.25,2.75,3.25,0.25
002,-7.0,-2.5,-3.5,3.0,1.0,-1.0,2.0,3.0,5.5,0.0
003,-7.0,-2.5,-3.0,4.5,2.0,-3.0,1.5,1.0,3.5,-1.5
004,-5.0,-2.5,0.0,6.0,2.0,-1.5,2.5,4.0,4.5,0.5
005,-7.0,-4.0,-2.0,4.0,2.5,-3.0,2.0,2.5,4.0,-1.0
006,-7.0,-3.5,-2.0,5.0,1.5,-3.5,2.0,3.0,5.0,0.0
007,-11.0,-4.0,-4.5,6.0,2.5,-2.0,-3.5,-3.0,0.0,-0.5
008,-7.5,-2.0,-2.5,4.5,0.0,-3.0,1.0,-0.5,3.0,-2.0
009,-6.5,-1.0,-3.5,3.5,1.5,-1.0,2.0,2.0,3.5,-1.5
010,-6.5,-3.5,-3.0,2.0,1.0,-2.5,0.5,1.5,3.0,-1.0
011,-5.5,-2.0,0.5,4.0,1.0,-3.0,0.5,2.0,4.5,1.5
012,-5.5,-2.5,-2.0,4.0,1.5,-2.0,1.5,3.5,4.5,1.0
013,-6.0,-2.0,-3.5,4.5,1.5,-2.5,1.0,2.5,3.5,-0.5
014,-4.5,-2.0,-0.5,5.0,1.5,-1.0,2.0,5.0,5.0,0.5
015,-6.0,-2.5,-3.0,3.5,2.5,-2.0,1.5,4.0,4.5,0.0
016,-5.5,-2.5,-3.0,4.0,1.0,-2.0,1.5,4.0,5.0,0.5
017,-6.0,-2.0,-4.0,4.0,1.5,-2.5,-0.5,4.5,5.0,-1.0
018,-7.0,-2.5,-2.0,4.0,2.0,-2.5,1.0,3.5,4.0,-1.0
019,-6.5,-3.5,-3.0,3.0,1.5,-1.5,1.5,4.0,3.5,-2.0
020,-8.0,-5.0,-3.0,3.0,1.0,-2.0,1.0,3.5,3.0,-1.5
021,-7.5,-4.5,-3.0,3.5,0.5,-1.5,1.0,3.5,3.5,0.5
022,-6.5,-3.0,-2.5,4.0,1.0,-1.0,2.0,4.0,5.0,1.0
023,-6.0,-2.5,-2.5,4.5,2.0,-1.0,1.5,3.5,4.5,1.0
024,-6.5,-3.5,-2.5,4.5,1.5,-1.5,1.0,4.0,4.0,1.0
025,-6.5,-2.5,-3.5,3.5,1.5,-1.5,1.0,2.5,4.5,1.5
026,-6.0,-3.0,-2.5,4.5,1.0,-1.0,1.0,4.0,5.0,1.0
027,-6.0,-2.0,-3.0,4.5,2.0,-1.5,1.0,4.0,6.0,1.0
028,-6.5,-2.0,-2.0,4.5,1.5,-1.5,1.0,3.0,4.0,0.5
029,-5.5,-2.0,-2.5,3.5,1.5,-1.0,1.0,3.5,4.5,-0.5
030,-7.5,-3.0,-3.0,4.0,1.5,-4.0,0.5,1.5,2.5,-2.0
031,-7.5,-3.0,-3.0,4.5,2.0,-2.5,0.0,2.0,3.5,-1.5
032,-6.5,-2.5,-3.0,4.5,1.5,-3.0,0.5,2.5,3.0,-0.5
033,-7.0,-2.5,-3.0,5.0,1.5,-3.0,0.0,1.5,3.5,-1.5
034,-6.0,-2.5,-2.0,5.5,2.0,-2.5,0.5,3.5,3.5,-0.5
035,-6.0,-1.5,-3.0,3.5,1.5,-2.5,0.0,1.0,4.5,0.5
036,-6.0,-3.0,-3.0,4.5,1.0,-2.5,0.0,2.0,4.5,0.5
037,-5.5,-2.5,-3.0,5.5,2.0,-1.5,0.5,3.5,5.0,-0.5
038,-6.0,-2.0,-1.5,5.5,2.0,-1.0,1.0,3.5,4.5,-0.5
039,-4.0,-1.0,-1.5,5.0,2.5,0.0,1.5,3.5,4.0,0.5
040,-6.0,-3.5,-0.5,6.0,1.5,-1.5,0.5,5.0,3.5,0.0
041,-5.5,-3.5,-0.5,5.5,1.5,-1.0,0.5,4.5,4.0,1.0
042,-5.5,-3.5,-1.5,4.5,1.0,-1.0,0.5,4.0,4.5,1.5
043,-5.0,-3.0,-1.0,6.0,2.0,-1.0,1.0,4.5,4.5,0.5
044,-5.0,-3.0,-0.5,6.5,1.5,-1.0,1.0,4.5,4.5,1.0
045,-5.0,-3.0,-1.0,5.5,2.5,-1.5,0.5,4.0,4.5,1.5
046,-4.5,-3.0,-1.0,5.0,1.5,-1.0,1.0,3.5,5.5,1.5
047,-4.5,-1.5,-2.0,5.0,2.0,-0.5,0.5,4.0,6.0,2.0
048,-5.0,-2.5,-1.0,6.0,2.5,-1.5,0.5,3.0,4.0,1.0
049,-4.75,-2.25,-2.25,4.75,0.25,-2.75,1.25,2.75,4.75,1.25
050,-5.5,-4.0,-2.0,4.5,2.0,-2.5,1.5,3.0,3.5,-0.5
051,-5.5,-3.5,-1.5,4.5,2.5,-2.0,1.5,2.5,4.0,1.0
052,-5.5,-3.5,-2.0,4.5,2.5,-1.5,2.0,3.0,4.5,2.0
053,-5.0,-2.5,-1.5,5.0,2.5,-1.5,1.5,2.0,4.5,1.5
054,-5.5,-4.0,-1.0,5.0,2.5,-2.0,1.0,3.5,4.0,0.0
055,-6.0,-3.5,-1.5,4.5,2.0,-2.5,1.5,2.5,4.0,0.5
056,-6.0,-4.0,-1.0,4.5,1.5,-2.0,1.5,2.5,5.0,1.5
057,-6.0,-3.5,-1.5,5.0,2.5,-2.0,0.5,3.5,5.5,1.0
058,-5.5,-3.0,-0.5,5.0,2.5,-1.5,1.5,2.5,4.5,1.0
059,-5.5,-3.0,-1.5,4.0,2.0,-1.5,1.5,2.5,4.0,0.5
060,-7.5,-5.0,-2.0,4.0,1.0,-3.5,0.5,3.5,4.5,0.0
061,-7.0,-4.5,-1.0,4.5,1.5,-2.5,1.0,3.5,5.0,0.5
062,-7.0,-4.5,-2.5,4.5,1.5,-3.0,0.5,3.5,5.0,0.0
063,-6.5,-3.5,-2.5,5.0,2.0,-3.0,0.5,3.0,5.0,0.0
064,-6.0,-4.5,-1.5,4.5,1.5,-2.5,0.0,3.5,4.5,1.0
065,-6.5,-4.0,-2.0,4.5,2.0,-3.0,0.5,3.5,4.5,0.0
066,-6.0,-3.5,-1.0,5.5,1.5,-2.5,1.5,3.5,5.0,0.0
067,-6.0,-3.0,-1.5,5.5,1.5,-2.0,1.0,4.0,6.0,0.5
068,-5.5,-3.0,-0.5,5.0,1.5,-2.0,1.5,3.5,5.0,0.0
069,-6.5,-4.0,-1.5,4.5,1.0,-4.0,1.0,4.0,4.0,-0.5
070,-7.5,-4.0,-2.5,5.0,0.5,-3.5,-0.5,3.5,4.0,-2.0
071,-7.0,-3.5,-1.5,5.5,1.5,-2.5,0.5,4.0,4.5,-0.5
072,-7.0,-3.0,-2.5,5.0,1.5,-2.5,0.0,4.0,5.0,-0.5
073,-6.5,-2.5,-2.5,5.5,2.0,-2.5,0.5,3.5,4.5,-0.5
074,-6.0,-3.0,-1.0,5.5,2.0,-1.5,0.5,4.5,5.0,-1.0
075,-7.0,-3.5,-2.5,5.0,2.0,-3.5,-0.5,3.0,4.5,-1.0
076,-5.5,-3.0,-2.0,6.0,1.0,-2.5,0.0,3.0,5.0,0.0
077,-6.5,-2.5,-2.0,5.5,1.5,-2.5,0.0,3.5,5.5,-0.5
078,-6.5,-2.5,-1.0,5.5,2.0,-2.0,0.5,3.0,5.5,-0.5
079,-5.5,-1.5,-2.0,4.0,1.0,-1.0,0.5,3.0,4.5,-1.5
080,-9.0,-4.5,-3.0,3.5,-0.5,-5.0,0.0,0.5,1.5,-3.5
081,-7.0,-2.5,-0.5,5.5,1.5,-3.0,1.0,2.0,3.0,-1.0
082,-7.0,-3.0,-1.5,4.5,1.0,-2.5,0.5,2.0,4.0,-1.0
083,-7.5,-2.5,-2.0,4.5,1.0,-3.0,0.5,1.0,3.5,-2.0
084,-6.5,-3.0,0.0,5.5,1.5,-2.0,1.0,3.0,4.0,-0.5
085,-7.0,-3.5,-1.0,4.0,1.5,-2.5,1.0,2.5,4.0,-0.5
086,-6.5,-3.0,-1.5,4.5,0.5,-2.0,1.5,2.0,3.5,-1.0
087,-6.5,-2.5,-1.5,5.0,1.5,-2.5,0.5,2.5,5.0,-0.5
088,-7.0,-2.5,-1.5,4.5,0.5,-3.0,1.5,1.5,3.5,-1.5
089,-6.5,-3.5,-1.5,4.5,1.0,-3.0,0.5,2.0,3.0,-2.5
090,-6.0,-3.5,-3.0,3.5,1.5,-2.5,1.5,3.0,4.0,-2.5
091,-6.0,-2.5,-2.5,4.5,2.0,-1.5,2.0,3.0,4.0,-1.5
092,-5.5,-2.5,-2.5,4.0,2.5,-1.5,2.0,3.5,4.0,-1.0
093,-6.0,-2.0,-3.5,4.0,2.5,-2.0,1.0,2.5,4.0,-2.0
094,-5.5,-3.0,-2.0,4.5,2.5,-1.0,1.0,3.5,3.5,-1.5
095,-5.5,-2.0,-2.0,3.5,2.0,-2.0,0.5,2.5,3.5,-0.5
096,-4.0,-1.5,-3.0,3.0,0.5,-3.0,-0.5,1.0,3.5,-0.5
097,-6.0,-2.0,-3.0,4.5,2.0,-1.5,0.0,3.0,4.5,-1.0
098,-6.5,-2.5,-2.5,3.5,1.5,-2.5,0.5,2.5,3.0,-2.5
099,-5.5,-2.5,-4.0,3.0,1.5,-2.5,1.0,2.5,3.5,0.0
100,-4.5,-3.5,-3.0,2.5,-1.0,-5.0,1.0,2.0,1.5,0.5
101,-2.5,-2.5,-1.5,3.0,0.5,-2.0,1.5,1.0,1.5,1.5
102,-7.0,-4.5,-3.0,3.0,1.5,-3.0,0.5,2.5,3.0,1.0
103,-6.5,-4.0,-2.5,4.0,1.5,-3.5,0.0,1.5,1.0,-0.5
104,-5.0,-4.0,0.0,5.0,1.5,-3.0,0.5,3.5,2.0,1.5
105,-6.0,-4.0,-2.5,3.5,2.0,-3.5,0.0,3.0,3.0,1.0
106,-6.0,-4.5,-2.0,4.5,0.5,-4.5,-0.5,2.5,2.0,-1.0
107,-6.0,-4.5,-2.5,5.0,1.5,-3.5,-1.0,3.0,3.0,-0.5
108,-5.0,-1.5,1.0,3.0,4.0,-3.0,1.5,1.5,3.5,2.5
109,-6.0,-3.5,-2.0,3.5,1.0,-3.5,0.5,2.5,1.0,-1.5
110,-6.5,-4.5,1.0,3.5,1.0,-4.5,1.0,2.5,2.5,-1.0
111,-6.5,-3.0,-0.5,4.0,0.0,-3.5,1.0,0.5,5.0,0.0
112,-3.0,-2.5,0.5,6.0,1.5,-1.5,2.5,2.5,2.5,3.0
113,-6.0,-3.0,-1.0,4.5,1.0,-4.0,1.0,1.5,1.0,1.0
114,-5.0,-2.5,0.5,5.0,1.5,-3.0,1.5,3.5,3.5,1.5
115,-6.0,-4.0,0.0,5.0,1.5,-3.0,1.0,3.0,2.5,1.0
116,-5.0,-4.0,0.0,5.5,1.0,-3.5,1.0,3.0,3.0,0.5
117,-6.0,-3.0,-2.5,4.0,1.0,-4.0,0.0,2.5,3.0,1.0
118,-5.5,-5.0,1.0,4.0,0.5,-2.5,0.0,2.0,1.0,0.0
119,-6.0,-3.5,-1.0,3.5,0.5,-4.0,1.5,2.5,2.0,-0.5
120,-4.0,-4.5,-3.0,2.0,1.5,-3.0,0.5,3.5,2.0,2.0
121,-5.5,-4.5,-0.5,1.5,-1.5,-4.0,0.0,1.0,1.5,4.0
122,-5.5,-4.0,-2.5,4.0,1.5,-1.5,1.5,3.5,2.5,1.5
123,-5.0,-3.0,-5.0,4.5,0.5,-4.5,-0.5,1.0,1.0,0.5
124,-3.5,-3.5,-2.0,5.0,1.5,-2.0,0.5,3.0,2.0,2.0
125,-4.5,-5.5,-2.5,3.0,-1.0,-0.5,-0.5,0.0,1.0,3.5
126,-4.5,-4.0,-3.5,2.5,0.5,-4.0,0.0,2.0,3.0,2.0
127,-3.5,-2.0,-3.0,3.5,1.0,-1.5,0.5,2.0,2.0,3.0
128,-3.5,-2.5,-3.0,2.5,0.5,-2.0,1.0,0.0,1.5,2.5
129,-5.5,-2.5,-3.5,3.5,0.5,-3.0,1.0,1.5,0.5,0.5
130,-4.5,-2.5,-4.5,5.0,0.5,-3.0,0.0,2.0,1.5,0.0
131,-6.0,-2.0,-4.0,4.5,0.5,-4.0,0.5,1.5,0.0,0.0
132,-5.5,-2.0,-4.5,4.5,1.0,-3.0,0.0,2.5,2.0,1.0
133,-5.5,-1.5,-5.0,4.5,0.5,-3.5,0.5,1.0,1.0,0.0
134,-5.5,-2.5,-3.5,5.0,0.5,-3.0,0.0,3.0,2.0,-0.5
135,-5.5,-1.5,-4.5,4.0,2.0,-3.5,0.0,3.0,3.0,1.0
136,-4.0,-2.0,-3.0,6.0,1.5,-2.0,0.5,4.0,3.5,1.0
137,-5.0,-1.5,-2.5,4.0,0.5,-3.5,-0.5,3.0,2.5,1.5
138,-5.5,-1.5,-2.5,5.0,1.0,-3.0,0.5,3.5,3.0,0.5
139,-5.5,-2.0,-3.5,4.5,0.5,-3.5,0.5,3.0,1.0,-0.5
140,-3.0,-2.0,-1.0,4.5,0.5,-2.5,2.0,5.0,4.0,2.0
141,-6.0,-2.0,-1.5,4.0,0.5,-3.0,1.0,3.5,2.5,1.0
142,-6.0,-3.0,-2.0,4.0,0.5,-2.0,1.5,4.0,2.5,0.5
143,-3.0,-0.5,-0.5,6.0,0.5,-0.5,2.0,3.0,4.0,0.5
144,-4.0,-3.5,-2.5,1.0,0.0,-5.0,-0.5,2.5,3.0,4.0
145,-5.5,-2.5,-1.5,4.5,1.5,-2.5,1.0,4.0,3.0,1.0
146,-5.0,-2.5,-1.5,5.0,1.0,-2.5,1.0,4.5,3.5,0.5
147,-5.5,-2.5,-4.0,3.0,0.5,-4.5,-0.5,3.0,4.0,1.0
148,-5.0,-2.0,-1.0,4.5,1.5,-3.0,0.5,4.0,3.0,0.5
149,-7.0,-4.0,-2.5,3.5,0.5,-3.5,0.5,2.5,1.5,-1.0
150,-4.5,-4.0,-2.5,3.0,1.5,-3.0,1.0,4.0,3.5,2.0
151,-6.0,-4.0,-2.5,4.0,1.5,-1.0,1.5,2.5,3.0,1.5
152,-5.0,-3.5,-2.0,5.0,2.5,-2.0,1.5,4.0,3.5,2.5
153,-5.5,-2.0,-3.0,4.5,2.5,-3.0,1.0,2.0,3.5,2.0
154,-5.0,-3.0,-1.5,4.5,1.5,-2.0,1.0,4.5,4.0,1.5
155,-5.5,-3.5,-2.5,5.0,2.0,-2.0,1.0,3.5,4.0,1.0
156,-5.0,-3.0,-2.5,4.5,1.5,-3.0,0.5,3.5,4.0,2.0
157,-6.0,-4.0,-3.5,3.5,1.0,-3.0,0.0,3.0,3.0,1.0
158,-5.5,-3.0,-1.5,4.5,2.0,-2.5,0.5,3.5,3.5,1.0
159,-6.0,-3.5,-3.0,3.0,1.0,-3.5,0.5,3.0,2.5,0.0
160,-5.0,-3.5,-2.0,4.5,1.5,-2.5,2.5,4.5,4.0,1.5
161,-6.0,-4.0,-2.5,4.0,0.5,-2.5,1.5,3.5,2.5,1.5
162,-5.5,-3.0,-2.0,3.0,2.0,-3.0,0.5,4.0,4.5,3.0
163,-6.0,-4.0,-3.5,4.0,1.0,-3.0,1.0,3.0,2.0,1.0
164,-5.0,-3.5,-2.0,5.0,0.0,-2.0,1.5,4.5,2.5,0.5
165,-5.5,-3.5,-3.5,3.5,0.5,-2.0,0.0,4.0,4.0,1.0
166,-5.5,-3.5,-3.5,4.5,0.0,-3.0,0.5,4.0,3.5,0.0
167,-5.0,-3.5,-4.0,4.0,0.0,-3.5,0.0,4.0,3.0,0.0
168,-4.0,-2.0,-2.0,4.5,1.5,-2.5,2.0,4.0,4.0,2.0
169,-6.0,-3.5,-4.5,1.0,-2.0,-3.5,-1.0,2.0,1.0,0.5
170,-4.5,-4.0,-3.0,4.0,0.5,-3.0,0.0,5.5,4.5,0.0
171,-5.5,-3.0,-3.5,3.5,1.0,-3.5,0.5,4.5,4.0,0.5
172,-5.5,-4.0,-3.0,4.0,1.0,-3.0,0.0,5.0,3.5,0.5
173,-6.0,-3.5,-3.5,4.0,1.0,-4.5,-1.0,3.0,2.5,0.0
174,-5.5,-3.5,-2.5,3.5,1.0,-3.0,-0.5,5.0,4.0,0.5
175,-5.0,-4.0,-2.5,4.0,1.0,-2.0,0.0,4.0,4.0,1.0
176,-4.5,-2.5,-2.0,5.5,1.0,-1.5,0.5,4.5,5.0,1.5
177,-6.5,-3.5,-5.0,3.5,-0.5,-4.0,-2.0,2.5,4.5,0.5
178,-6.0,-3.5,-2.5,4.5,1.0,-3.0,-1.0,4.0,3.5,0.0
179,-6.5,-4.0,-3.5,3.0,0.0,-4.0,-1.0,3.0,2.0,-1.0
180,-5.5,-5.0,-7.0,0.5,2.0,-3.5,-2.0,4.0,5.0,0.0
181,-6.5,-3.5,-1.5,3.5,1.5,-2.5,1.0,3.5,2.5,0.5
182,-6.0,-3.0,-1.0,4.5,2.5,-1.5,1.0,4.0,3.0,1.5
183,-6.5,-3.0,-2.0,5.0,2.0,-3.0,0.0,3.0,2.5,0.5
184,-5.0,-3.0,0.5,5.5,1.5,-1.0,0.5,4.5,3.5,2.0
185,-5.5,-3.0,-0.5,5.0,2.5,-1.0,0.5,4.5,4.0,1.5
186,-5.0,-3.0,-1.5,4.5,2.0,-1.5,0.0,4.5,4.5,1.0
187,-4.5,-2.5,-2.0,5.5,1.5,-2.5,-0.5,3.0,4.0,0.5
188,-6.0,-2.0,-1.0,5.0,1.0,-2.0,1.0,3.0,3.5,0.0
189,-5.5,-2.0,-2.0,3.5,1.0,-2.5,1.0,3.5,3.5,0.0
190,-5.0,-4.0,-2.0,2.5,1.5,-2.0,1.5,5.0,3.0,-2.0
191,-6.0,-3.5,-2.0,3.5,1.5,-2.5,1.5,3.5,2.0,-0.5
192,-4.5,-3.0,-3.5,3.0,2.0,-2.0,1.5,3.0,2.5,2.0
193,-5.5,-3.0,-3.0,4.5,1.5,-1.5,1.0,2.5,2.0,-1.0
194,-4.5,-3.0,-1.0,4.0,1.5,-1.0,1.5,5.0,3.5,0.0
195,-5.5,-3.5,-3.0,3.0,2.0,-1.5,1.5,4.0,3.5,-0.5
196,-4.0,-2.5,-3.0,4.5,1.0,-0.5,1.5,4.0,5.0,0.0
197,-6.5,-4.5,-4.5,3.0,0.0,-2.5,0.0,3.5,2.5,-1.5
198,-6.0,-2.5,-2.5,3.5,1.0,-1.0,2.0,3.5,3.0,-1.0
199,-6.0,-3.0,-4.0,2.0,0.0,-1.5,2.5,3.0,1.5,-3.0
200,-5.5,-4.0,-3.0,2.5,0.5,-0.5,2.0,3.5,2.5,0.0
201,-7.5,-4.0,-3.5,3.0,0.5,-1.5,1.5,3.0,1.5,0.5
202,-7.0,-4.0,-3.0,3.0,1.0,-0.5,1.5,3.5,2.5,1.0
203,-6.5,-3.5,-3.5,4.0,1.5,-1.5,1.0,2.5,3.0,0.0
204,-6.0,-4.0,-2.0,4.0,1.0,-1.0,1.5,3.5,3.0,1.5
205,-6.5,-4.5,-3.0,4.0,1.5,-0.5,1.0,3.0,3.5,0.5
206,-6.0,-3.0,-1.5,4.0,0.0,0.5,0.5,3.5,3.0,1.0
207,-7.0,-4.0,-5.0,3.0,0.5,-2.5,0.0,2.5,3.5,0.0
208,-7.0,-3.5,-2.5,4.5,0.5,-1.0,1.0,2.0,3.0,0.5
209,-7.0,-4.0,-3.0,3.0,1.0,-1.5,1.0,3.0,2.5,-0.5
210,-7.0,-5.0,-2.5,2.5,1.0,-2.0,1.0,5.0,3.5,1.0
211,-6.5,-4.5,-1.0,4.5,1.0,-1.0,1.5,3.5,3.0,1.0
212,-4.5,-4.5,-2.5,2.0,-1.0,0.0,-0.5,4.0,3.0,1.5
213,-6.0,-3.0,-3.0,5.5,1.5,-1.5,1.5,2.0,2.5,0.5
214,-6.5,-4.0,-2.0,4.5,0.5,-1.5,1.0,4.0,3.5,1.0
215,-7.0,-4.5,-2.5,4.0,1.0,-0.5,0.5,3.5,2.5,1.0
216,-8.0,-4.5,-3.5,3.5,0.5,-4.5,0.0,-0.5,1.5,0.5
217,-7.0,-4.0,-4.0,3.5,0.0,-2.0,0.0,3.0,3.0,0.0
218,-7.5,-3.5,-2.0,4.0,0.5,-1.5,1.0,3.5,2.5,0.0
219,-7.0,-4.0,-3.5,3.0,1.0,-2.0,1.5,3.0,2.5,-0.5
220,-6.5,-4.0,-1.0,4.5,1.5,-0.5,1.5,5.5,4.0,2.0
221,-4.5,-2.0,-0.5,4.5,2.0,0.0,1.5,5.0,4.5,3.0
222,-7.0,-3.0,-3.0,5.0,1.5,-0.5,1.5,3.5,7.0,1.5
223,-7.0,-3.5,-3.5,4.0,1.0,-3.0,0.0,3.0,2.5,2.0
224,-5.5,-3.5,-1.0,5.5,1.5,-1.5,2.0,4.0,3.0,3.0
225,-6.0,-3.5,-3.0,3.0,1.0,-2.5,0.0,3.5,4.0,3.0
226,-6.5,-3.0,-2.5,4.0,1.0,-0.5,1.0,3.5,3.0,2.0
227,-6.5,-2.5,-3.0,4.0,0.5,-1.5,1.0,3.5,3.5,2.0
228,-7.0,-2.5,-3.0,3.5,0.5,-2.0,1.0,2.5,4.0,1.5
229,-8.0,-3.5,-3.0,2.5,0.0,-3.0,0.5,2.5,2.0,0.5
230,-6.0,-4.0,-1.5,4.5,1.5,-2.5,1.0,4.5,2.0,0.5
231,-6.5,-3.0,-3.0,4.5,1.5,-3.0,0.5,2.5,2.5,0.5
232,-6.0,-3.5,-2.0,5.0,1.5,-2.0,1.0,3.5,2.5,1.5
233,-7.0,-3.5,-4.0,3.5,0.5,-3.0,0.5,2.0,2.0,0.5
234,-5.5,-2.5,-2.5,4.5,1.5,-2.5,0.0,3.5,3.5,0.0
235,-6.0,-3.5,-2.5,4.5,1.5,-1.5,0.0,3.0,2.5,0.5
236,-6.0,-3.0,-3.0,5.0,1.5,-1.5,0.5,3.5,3.0,0.0
237,-6.5,-3.0,-4.5,4.0,1.0,-3.0,-0.5,2.5,3.0,0.0
238,-5.5,-3.5,0.0,4.0,0.5,-1.0,0.5,4.0,2.5,1.5
239,-6.0,-4.0,-2.5,3.5,0.5,-1.0,0.0,2.5,1.5,0.5
240,-6.0,-5.0,-3.0,3.0,1.5,-3.0,1.0,4.0,2.0,2.0
241,-7.0,-4.5,-2.5,2.5,0.0,-2.0,0.5,3.0,1.5,1.0
242,-5.5,-4.0,-1.5,3.5,1.5,-0.5,1.0,4.0,3.0,2.5
243,-6.5,-2.5,-4.5,2.5,1.5,-4.5,0.5,-0.5,1.0,2.0
244,-5.0,-3.5,-0.5,5.5,1.0,-1.5,1.5,4.5,3.5,2.0
245,-5.5,-4.5,-2.0,3.5,1.0,-1.0,0.5,3.5,3.0,2.0
246,-5.0,-3.0,-2.5,4.5,1.5,-1.5,1.0,4.0,4.0,2.0
247,-5.0,-3.0,-3.0,4.0,1.5,-1.5,0.5,4.0,4.5,1.5
248,-5.5,-3.5,-1.5,5.0,1.5,-1.5,1.5,3.5,3.0,2.0
249,-6.5,-4.0,-3.5,3.0,0.5,-2.5,1.0,3.0,2.5,0.5
250,-4.0,-4.0,-2.0,4.0,0.5,-1.0,1.5,3.0,3.5,2.5
251,-6.5,-4.5,-3.0,3.5,1.0,-2.5,1.0,3.0,2.5,2.0
252,-5.5,-2.5,-2.5,4.0,2.0,-2.0,1.5,4.0,5.0,4.0
253,-6.0,-3.0,-3.0,4.0,1.5,-1.5,1.0,2.5,3.5,2.0
254,-5.0,-3.5,-1.0,4.5,1.0,-1.0,1.0,4.5,4.0,2.0
255,-3.5,-1.5,-4.0,3.5,1.0,0.5,1.5,3.0,5.5,2.0
256,-2.5,-0.5,-4.0,1.5,-0.5,-1.5,1.0,0.5,3.5,2.5
257,-7.0,-4.0,-4.5,2.5,0.0,-2.5,0.0,2.5,3.0,1.5
258,-6.5,-2.5,-2.5,4.0,1.0,-1.5,1.0,3.5,4.5,2.0
259,-6.5,-3.5,-3.0,4.0,0.5,-2.0,1.0,3.0,3.5,1.0
260,-5.0,-3.0,-0.5,5.5,1.0,-1.0,2.0,5.5,4.0,2.0
261,-6.0,-2.5,-2.0,4.0,1.5,-1.5,1.0,4.0,4.0,1.5
262,-5.5,-3.0,-2.0,4.5,1.0,-0.5,1.0,4.5,4.0,2.0
263,-6.0,-2.5,-2.5,5.0,1.0,-2.0,1.0,3.5,3.0,1.0
264,-4.5,-2.0,-1.0,5.5,1.5,-1.0,1.5,5.0,4.0,2.0
265,-5.5,-3.0,-2.0,5.0,1.0,-1.5,1.0,4.5,3.5,1.0
266,-5.5,-2.0,-2.0,5.0,1.0,-1.5,1.0,4.5,4.5,1.0
267,-6.0,-2.5,-3.0,4.5,0.5,-2.5,0.5,4.0,4.0,1.0
268,-6.0,-2.0,-1.5,5.5,1.0,-1.5,1.5,4.5,3.5,0.5
269,-6.5,-3.0,-2.5,4.0,0.5,-2.5,0.5,3.5,2.5,0.0
270,-6.0,-3.5,-4.5,2.5,2.0,-3.5,0.5,5.0,5.0,0.5
271,-7.0,-4.0,-3.0,2.5,0.5,-3.5,0.5,3.5,2.5,0.5
272,-5.0,-2.0,-1.0,5.5,2.0,-1.0,1.5,4.5,4.0,2.0
273,-5.5,-2.0,-3.0,3.0,0.0,-2.5,-1.0,2.0,2.5,0.5
274,-5.5,-2.5,-1.5,5.0,1.5,-2.0,1.0,5.0,4.5,1.0
275,-5.0,-2.5,-1.5,5.0,1.5,-1.0,0.5,4.0,4.5,1.5
276,-6.0,-2.0,-2.5,5.0,1.5,-2.5,1.0,4.5,5.0,1.0
277,-7.0,-2.5,-3.5,4.0,0.5,-2.5,0.0,3.5,5.0,0.5
278,-6.0,-2.0,-1.5,5.0,1.5,-1.5,1.0,4.0,4.5,0.5
279,-6.5,-2.0,-3.5,4.0,1.5,-3.0,1.0,3.5,4.0,0.0
280,-4.0,-2.0,-1.0,4.5,1.0,-1.5,2.5,3.5,3.5,2.0
281,-6.5,-3.0,-1.5,4.0,1.0,-2.5,1.0,3.5,2.5,1.0
282,-6.5,-2.5,-2.0,3.5,1.0,-2.5,1.5,3.5,4.0,1.0
283,-7.0,-3.0,-2.5,4.0,1.0,-3.0,0.5,2.0,2.5,0.0
284,-5.0,-2.0,0.0,5.5,1.0,-1.5,1.0,4.0,3.5,1.5
285,-6.0,-2.5,-1.5,4.5,2.0,-2.0,1.0,4.0,4.0,1.5
286,-6.0,-2.5,-1.5,4.0,1.0,-2.0,0.5,3.5,3.5,0.5
287,-6.5,-3.0,-3.0,4.0,0.5,-3.0,0.5,3.0,3.5,0.5
288,-6.5,-1.5,-2.5,3.5,2.0,-3.5,1.0,2.5,3.5,2.0
289,-6.5,-4.0,-3.0,2.0,-1.0,-3.0,-2.5,0.5,2.0,1.0
290,-5.5,-2.5,-1.0,3.5,1.0,-2.0,2.0,4.0,2.5,-0.5
291,-6.0,-1.5,-1.5,3.5,1.5,-2.5,1.0,3.5,3.0,0.5
292,-5.5,-1.5,-1.5,4.0,1.5,-1.5,1.5,3.5,3.0,0.5
293,-5.5,-1.5,-2.0,4.0,1.0,-1.5,1.0,2.5,2.0,1.0
294,-5.0,-1.5,-1.5,3.5,1.0,-2.5,1.0,4.5,4.0,1.5
295,-6.5,-2.5,-2.0,4.0,2.0,-1.5,1.0,3.5,2.5,0.0
296,-5.5,-2.0,-1.5,4.5,1.5,-1.5,1.5,3.5,3.0,0.5
297,-6.0,-1.0,-4.0,3.0,1.5,-3.0,0.0,3.5,4.5,1.0
298,-6.0,-1.5,-2.0,3.5,1.0,-1.5,1.0,3.5,3.0,0.0
299,-5.5,-1.0,-2.0,4.0,1.0,-1.0,1.5,3.0,3.0,0.0
300,-5.0,-3.5,-2.5,4.5,2.0,-4.5,0.0,1.5,0.5,-0.5
301,-6.5,-2.5,-3.5,3.0,1.5,-3.5,0.0,2.5,2.0,0.5
302,-6.5,-2.0,-3.5,4.0,1.5,-2.0,0.5,3.0,3.0,1.0
303,-6.5,-2.5,-3.5,4.5,2.0,-3.5,-0.5,1.5,3.0,0.0
304,-5.0,-2.5,-1.5,4.5,2.0,-1.5,0.5,3.5,2.5,1.0
305,-7.0,-3.5,-3.0,5.0,2.5,-1.0,-0.5,2.5,2.5,-0.5
306,-6.0,-2.0,-3.0,4.5,2.5,-3.5,0.0,2.5,3.5,0.0
307,-6.0,-2.5,-3.5,4.5,2.0,-2.5,0.0,2.5,3.0,-0.5
308,-6.0,-2.0,-1.5,5.5,2.5,-4.0,-0.5,3.0,2.5,0.0
309,-5.5,-1.5,-2.5,4.5,2.5,-2.5,0.5,2.5,3.0,-0.5
310,-6.0,-3.0,-2.0,4.0,2.0,-2.5,0.5,3.0,2.0,0.0
311,-6.0,-2.5,-2.0,4.5,1.0,-1.0,0.0,3.0,2.5,3.0
312,-5.5,-2.5,-2.5,5.0,2.0,-2.5,1.0,3.0,2.5,2.0
313,-6.0,-2.0,-3.0,5.5,2.5,-3.0,0.5,1.5,2.5,0.5
314,-6.0,-4.5,-1.5,2.5,-0.5,-2.0,-1.0,3.5,3.5,1.5
315,-6.5,-2.5,-4.0,3.5,2.0,-4.0,-0.5,2.5,3.0,0.5
316,-5.0,-2.0,-2.0,5.5,2.5,-1.5,0.5,3.5,3.5,1.0
317,-6.5,-3.0,-4.5,3.0,1.0,-4.0,-0.5,2.0,2.5,0.0
318,-6.0,-1.5,-2.0,5.0,2.0,-2.5,0.5,3.0,3.0,0.5
319,-6.5,-2.5,-3.5,3.5,1.5,-3.0,0.5,2.5,2.5,-0.5
320,-5.0,-2.0,-1.5,4.5,2.5,-1.0,2.0,4.5,2.5,1.5
321,-6.0,-3.0,-3.5,4.0,1.5,-2.0,0.0,3.0,2.0,1.0
322,-5.5,-2.0,-3.0,5.0,2.5,-1.0,0.5,3.5,3.5,2.0
323,-6.0,-2.0,-3.5,5.5,2.0,-2.5,1.0,2.5,2.0,1.0
324,-5.0,-1.5,-2.5,4.0,1.5,-3.5,-0.5,3.5,3.0,2.5
325,-5.0,-2.5,-2.5,4.5,2.0,-2.0,0.5,3.0,2.5,1.5
326,-6.0,-2.5,-3.5,4.5,1.5,-2.5,0.5,3.0,2.5,0.5
327,-6.0,-1.5,-4.0,4.5,2.0,-3.0,0.0,2.5,3.5,1.0
328,-5.5,-1.5,-2.0,5.5,2.0,-1.5,1.0,3.5,2.5,1.5
329,-6.0,-2.0,-3.5,4.5,1.5,-3.0,0.5,2.5,2.0,0.0
330,-6.0,-2.5,-3.5,5.0,1.5,-3.0,0.0,3.0,3.5,-0.5
331,-6.5,-2.0,-3.0,5.5,1.5,-2.5,0.0,2.5,2.5,-0.5
332,-6.5,-2.5,-3.5,5.0,1.0,-3.0,0.0,2.5,2.5,-0.5
333,-7.5,-1.5,-4.0,6.0,1.5,-3.5,0.0,0.0,5.5,-0.5
334,-5.5,-2.5,-2.5,5.5,1.0,-2.0,0.0,3.5,3.0,-0.5
335,-6.0,-2.0,-3.0,5.5,1.5,-2.5,0.0,3.0,3.0,-0.5
336,-5.5,-2.0,-3.0,5.5,1.5,-3.0,0.5,3.5,4.0,1.0
337,-6.0,-2.0,-4.5,4.5,1.0,-3.0,-0.5,3.0,3.5,-0.5
338,-6.0,-2.0,-2.5,5.5,1.5,-3.0,0.5,3.5,3.0,0.0
339,-5.5,-1.5,-3.0,5.0,1.0,-2.5,0.5,2.5,3.0,-0.5
340,-5.0,-3.5,-1.0,4.5,1.0,-2.0,0.0,5.5,2.5,0.0
341,-5.5,-2.5,-1.5,4.5,1.5,-2.5,0.5,4.0,2.5,0.0
342,-6.0,-2.5,-3.0,4.0,1.5,-3.5,0.0,3.5,3.0,-0.5
343,-4.0,-1.5,0.0,5.0,1.5,-1.5,0.5,3.0,4.0,1.0
344,-5.0,-2.5,-0.5,6.5,1.5,-2.0,0.5,5.0,2.5,0.5
345,-6.0,-2.5,-2.5,5.0,2.0,-3.5,-0.5,4.0,3.0,-0.5
346,-5.5,-2.5,-2.0,5.5,1.5,-2.5,0.0,4.0,3.0,-0.5
347,-6.5,-3.5,-3.5,4.5,1.5,-3.5,-0.5,3.5,2.5,-1.0
348,-5.5,-2.0,-1.5,6.0,2.0,-3.0,0.0,4.0,3.0,0.0
349,-6.5,-3.0,-2.5,4.5,1.0,-3.0,0.0,3.5,2.0,-1.0
350,-5.0,-3.0,-2.0,5.0,2.0,-2.5,1.0,4.0,3.0,0.0
351,-6.0,-2.5,-3.0,4.5,2.5,-3.5,0.0,3.0,3.0,1.5
352,-5.0,-2.0,-1.5,6.0,2.5,-2.0,1.5,4.0,3.0,1.0
353,-6.0,-2.0,-3.0,5.0,1.5,-3.0,0.0,2.5,2.5,0.0
354,-5.0,-2.0,-1.5,5.5,2.0,-2.5,0.5,4.5,3.5,0.5
355,-6.5,-2.0,-2.0,5.5,2.5,-1.5,0.5,3.0,3.5,0.5
356,-5.5,-2.0,-2.0,6.5,2.5,-2.0,1.0,3.5,3.5,0.0
357,-6.5,-1.5,-3.5,6.0,3.5,-4.0,-1.0,2.0,3.5,1.0
358,-5.0,-1.0,-1.0,6.5,2.5,-1.0,1.0,3.5,4.0,1.0
359,-6.5,-3.0,-2.5,4.0,1.0,-3.0,0.0,3.0,2.0,-0.5
360,-5.0,-3.5,-5.5,2.0,1.0,-3.0,-1.0,3.0,3.5,1.0
361,-4.5,-3.0,-2.0,3.0,1.5,-2.0,0.0,2.5,3.0,1.5
362,-5.5,-3.0,-2.0,4.5,2.0,-2.0,1.0,4.0,3.0,1.0
363,-5.5,-2.5,-3.0,5.0,1.5,-3.0,0.5,2.0,3.0,0.0
364,-3.5,-1.0,-0.5,6.0,2.5,-1.0,1.5,5.0,4.0,1.5
365,-3.5,1.0,-2.0,5.0,3.5,-1.0,1.5,4.5,5.0,4.0
366,-6.0,-1.0,-3.0,5.0,2.0,-3.0,1.0,4.0,4.5,1.5
367,-6.5,-3.5,-3.5,4.5,0.5,-3.0,0.0,3.5,2.5,-1.0
368,-5.5,-1.5,-1.0,6.5,2.5,-2.5,1.5,3.5,3.0,0.0
369,-6.5,-1.5,-3.0,4.0,1.5,-2.5,-0.5,2.5,5.5,0.0
370,-6.0,-3.5,-2.5,4.5,1.5,-3.5,0.5,5.0,2.5,-1.0
371,-6.5,-3.5,-3.5,4.0,1.0,-4.5,-0.5,3.5,2.0,-1.0
372,-5.5,-3.0,-2.5,5.0,2.0,-3.5,0.5,4.0,3.0,0.0
373,-6.0,-3.0,-3.0,5.0,1.5,-3.5,0.0,3.5,3.0,-1.0
374,-6.0,-3.5,-2.0,5.0,1.5,-3.5,-0.5,4.5,2.5,-1.0
375,-6.0,-3.5,-3.0,4.5,2.0,-3.5,-0.5,3.5,3.0,0.0
376,-5.5,-3.0,-2.5,5.5,1.5,-3.5,0.0,4.0,3.5,-0.5
377,-6.0,-3.0,-3.5,5.0,1.5,-3.5,0.0,4.0,4.0,-0.5
378,-6.0,-2.0,-3.0,4.5,2.0,-4.5,0.0,3.5,4.0,0.0
379,-6.5,-3.0,-3.0,4.5,1.0,-4.0,-0.5,3.5,2.0,-1.5
380,-6.0,-3.0,-1.5,5.5,2.0,-2.5,1.0,4.0,3.0,0.0
381,-6.5,-2.5,-2.5,4.5,1.5,-3.5,0.5,3.0,2.5,0.0
382,-6.5,-3.0,-2.0,4.5,1.0,-3.5,0.5,3.5,2.5,0.0
383,-6.0,-2.5,-2.0,6.0,2.0,-3.0,1.0,3.0,2.5,0.0
384,-5.0,-2.0,-1.0,5.5,3.0,-2.0,1.0,3.5,4.0,2.5
385,-6.0,-3.0,-1.5,5.0,1.5,-2.5,0.5,3.0,3.0,0.0
386,-5.5,-2.5,-2.0,4.5,1.5,-2.5,0.5,3.5,3.5,0.0
387,-5.5,-2.0,-3.0,5.0,1.5,-3.5,0.0,3.0,3.5,0.0
388,-5.0,-1.0,-1.0,6.0,1.5,-2.5,1.5,3.5,3.5,0.5
389,-6.0,-2.5,-2.0,4.5,1.0,-3.0,0.5,3.0,2.0,-1.0
390,-5.0,-2.5,-2.0,4.5,1.5,-2.5,1.0,4.0,2.5,-1.0
391,-5.0,-2.0,-2.0,5.0,2.0,-2.0,1.0,3.5,2.5,0.0
392,-3.0,-1.5,-1.5,6.0,2.0,-0.5,1.5,4.5,4.0,2.0
393,-5.5,-2.0,-2.5,5.5,2.0,-2.5,0.5,3.0,2.5,-0.5
394,-5.0,-3.0,-1.5,5.0,1.5,-1.5,0.5,4.5,2.5,-1.0
395,-6.0,-3.5,-2.5,4.5,1.5,-2.5,0.5,3.5,2.0,-1.0
396,-5.0,-1.5,-2.5,5.5,2.0,-2.0,0.5,3.5,4.0,0.0
397,-6.0,-3.0,-3.5,4.5,1.0,-2.5,0.0,3.0,2.0,-1.5
398,-5.5,-2.5,-2.0,5.0,1.0,-2.0,1.0,3.5,2.0,-1.0
399,-5.5,-2.0,-2.5,4.5,0.5,-2.0,1.5,3.0,2.0,-1.5
400,-4.5,-2.0,0.0,5.5,1.5,-3.0,2.0,5.0,2.5,1.0
401,-7.0,-4.5,-2.0,5.5,0.5,-3.0,0.5,3.5,1.0,0.5
402,-7.0,-3.5,-2.5,4.5,1.0,-2.5,1.0,3.5,2.5,0.5
403,-6.0,-3.0,-2.5,4.5,1.0,-3.0,1.0,3.0,2.0,0.5
404,-6.0,-4.0,-3.0,2.5,-2.5,-4.0,1.5,1.0,2.0,-1.0
405,-7.0,-4.0,-2.5,4.5,2.0,-3.0,0.5,3.5,3.0,1.5
406,-7.0,-3.5,-2.0,5.5,1.5,-2.0,1.0,3.5,3.0,0.5
407,-7.0,-4.0,-2.5,5.5,1.5,-2.5,0.0,4.0,3.5,0.5
408,-6.5,-2.5,-2.0,5.5,2.0,-2.0,1.0,3.0,3.0,1.0
409,-5.5,-1.5,-1.5,5.5,2.5,-0.5,0.0,3.5,2.0,0.5
410,-7.0,-4.0,-1.5,4.5,1.5,-3.5,0.5,3.0,1.5,0.5
411,-6.5,-3.5,-0.5,5.0,1.0,-2.5,1.0,4.0,3.5,1.5
412,-6.0,-3.5,-1.5,5.5,1.5,-2.0,1.5,3.5,1.5,2.0
413,-7.0,-3.0,-2.5,4.5,1.5,-3.5,0.5,2.5,1.5,0.0
414,-6.0,-3.0,-1.0,4.5,1.0,-2.0,0.5,4.5,4.0,1.5
415,-7.0,-3.5,-1.5,5.0,2.0,-1.5,1.0,4.0,2.5,1.5
416,-6.5,-3.0,-1.5,6.0,2.0,-2.5,1.5,4.0,2.5,2.0
417,-6.5,-3.5,-4.0,4.0,1.0,-3.0,-0.5,3.5,4.5,1.0
418,-8.0,-2.5,-3.5,3.0,-0.5,-3.5,0.0,2.0,1.5,1.0
419,-6.5,-4.0,-2.0,5.0,0.5,-3.5,0.0,4.0,0.5,0.0
420,-6.0,-5.0,-4.0,3.5,-0.5,-5.0,1.5,2.0,3.0,2.0
421,-7.0,-4.0,-2.5,4.0,1.0,-2.0,0.5,4.0,1.5,0.5
422,-7.0,-4.0,-3.0,4.0,1.0,-2.0,0.5,4.0,3.5,1.0
423,-6.5,-4.0,-3.5,4.5,1.5,-3.0,0.0,3.0,2.0,0.0
424,-6.0,-4.0,-1.5,5.5,1.0,-2.0,0.5,4.5,2.5,1.0
425,-6.5,-4.5,-2.5,3.5,0.5,-2.0,0.0,3.0,2.0,1.0
426,-7.0,-4.0,-3.5,3.5,0.5,-3.0,0.0,3.0,2.5,-0.5
427,-6.5,-3.5,-3.0,5.0,1.5,-2.0,-0.5,3.5,3.0,0.0
428,-6.0,-2.0,-2.0,4.5,1.0,-2.0,1.0,3.5,3.0,1.0
429,-7.0,-3.5,-3.0,3.5,0.5,-3.0,0.0,3.0,1.5,-0.5
430,-6.5,-3.5,-2.5,5.0,1.5,-3.0,0.0,4.0,1.5,-0.5
431,-6.5,-3.0,-2.5,5.0,1.5,-3.0,0.0,3.5,1.5,-0.5
432,-4.0,-2.0,-2.0,4.0,1.5,-1.5,0.0,4.0,4.5,2.5
433,-6.0,-2.5,-3.0,5.5,1.0,-3.0,-0.5,3.0,2.5,0.0
434,-5.5,-2.5,-1.0,6.5,1.5,-2.0,0.0,4.5,3.0,0.0
435,-6.0,-2.5,-2.5,5.0,2.0,-2.5,-0.5,4.0,2.5,0.5
436,-6.0,-3.0,-2.5,6.0,1.0,-2.0,-0.5,3.5,2.5,-0.5
437,-6.0,-2.5,-3.0,5.5,1.5,-2.5,-0.5,4.0,2.5,-0.5
438,-6.0,-2.5,-2.0,5.5,1.5,-2.5,0.0,4.0,2.5,0.0
439,-6.5,-3.0,-3.0,5.0,0.5,-2.5,-0.5,3.0,1.0,-0.5
440,-2.5,-1.5,1.0,5.5,1.5,1.5,1.5,5.5,4.5,2.5
441,-5.0,-2.5,-1.5,4.5,1.5,-2.5,1.0,4.0,4.0,2.5
442,-5.5,-1.0,0.0,7.0,2.0,-0.5,2.0,4.0,3.5,0.5
443,-6.5,-3.0,-2.0,5.5,1.0,-2.0,0.5,3.5,2.5,0.5
444,-5.5,-1.5,0.5,7.5,1.5,-1.5,1.5,4.5,6.5,1.0
445,-6.5,-3.0,-1.0,5.5,2.0,-2.0,0.0,4.0,2.5,0.5
446,-6.0,-3.0,-1.0,6.0,1.5,-2.0,0.5,4.5,3.5,0.0
447,-6.0,-2.5,-2.5,5.5,1.5,-2.5,0.0,4.0,4.5,1.0
448,-4.5,-2.0,-0.5,7.5,2.0,-1.5,2.0,3.0,3.0,1.5
449,-6.5,-3.0,-1.5,5.0,1.0,-2.5,0.0,3.5,2.0,0.0
450,-5.5,-3.0,-2.0,4.5,2.5,-3.5,0.5,4.5,3.5,1.0
451,-3.0,-1.5,-1.5,3.5,1.0,-2.5,-0.5,5.0,4.0,1.5
452,-6.0,-3.0,-2.0,5.0,2.0,-2.0,0.5,4.0,3.0,1.5
453,-6.5,-3.0,-2.5,4.5,1.5,-3.5,0.0,3.0,2.0,0.5
454,-6.5,-3.5,0.0,5.5,2.5,-1.5,0.0,4.5,3.5,1.5
455,-6.5,-3.5,-1.5,5.0,2.5,-2.5,0.5,3.5,3.5,1.0
456,-6.0,-2.5,-2.0,5.5,2.0,-2.0,0.0,3.5,3.0,0.5
457,-7.0,-4.0,-3.0,5.0,1.5,-3.0,-0.5,3.5,2.5,0.5
458,-6.5,-2.0,-0.5,6.5,3.5,-1.0,0.5,4.0,3.5,0.5
459,-7.0,-3.0,-2.5,4.5,1.5,-3.0,-0.5,3.0,2.0,0.0
460,-5.5,-3.5,-0.5,6.0,2.5,-2.0,1.0,5.0,3.0,0.5
461,-7.0,-4.0,-2.0,4.5,1.0,-3.0,0.0,3.5,2.5,0.0
462,-6.5,-3.5,-2.0,5.0,1.5,-3.0,0.0,4.0,3.5,0.5
463,-6.5,-3.5,-2.5,5.0,1.5,-3.0,0.0,3.5,2.5,-0.5
464,-5.5,-3.0,0.0,7.0,2.5,-1.5,1.0,4.5,3.5,1.0
465,-6.5,-3.0,-2.0,5.0,2.0,-3.0,0.0,4.5,3.0,0.5
466,-6.0,-3.0,-1.5,5.5,1.5,-2.5,0.5,4.0,3.5,0.0
467,-7.0,-3.5,-2.5,5.0,1.0,-3.0,0.0,4.0,3.0,-0.5
468,-6.0,-2.0,-1.5,5.5,2.0,-2.5,0.5,4.5,3.5,0.5
469,-7.0,-3.5,-2.5,5.0,1.0,-3.5,0.0,3.5,1.5,-1.0
470,-6.5,-4.0,-2.5,5.5,1.5,-3.5,-0.5,4.5,3.0,-0.5
471,-7.0,-4.0,-3.5,4.5,1.0,-4.5,-1.0,3.5,2.5,-0.5
472,-6.0,-3.0,-2.0,6.0,2.5,-2.5,0.5,4.5,3.0,0.5
473,-6.5,-3.0,-3.0,5.5,2.0,-3.0,-0.5,4.0,2.5,0.0
474,-6.5,-3.0,-2.0,5.5,2.0,-3.0,-0.5,4.0,4.0,0.0
475,-6.0,-3.5,-2.0,6.0,2.5,-3.0,-0.5,4.0,3.5,0.5
476,-6.0,-3.5,-2.5,6.5,2.0,-3.5,-0.5,3.5,3.5,0.0
477,-7.0,-2.5,-3.5,5.0,1.5,-4.0,-1.0,3.5,4.5,0.5
478,-6.5,-3.0,-2.0,6.0,1.5,-3.0,-1.0,3.5,3.0,-0.5
479,-7.5,-4.0,-3.5,5.0,1.0,-4.0,-1.5,3.0,2.0,-1.0
480,-6.5,-3.0,-2.5,5.0,3.0,-3.5,0.5,3.0,3.0,0.5
481,-7.0,-3.0,-1.5,5.0,1.5,-2.5,0.0,2.5,2.0,0.5
482,-6.5,-3.0,-1.5,5.5,2.0,-2.0,1.0,3.5,3.5,0.5
483,-6.0,-2.5,-2.5,5.5,2.0,-3.0,0.5,2.5,2.5,0.5
484,-5.0,-2.5,-1.5,4.0,0.0,-1.5,0.0,2.5,4.5,3.5
485,-6.0,-2.5,-1.5,5.5,2.5,-2.0,0.5,3.5,3.0,1.0
486,-6.0,-2.5,-2.5,4.0,2.0,-3.5,0.0,2.0,4.0,1.5
487,-6.5,-3.0,-3.0,5.5,1.5,-2.5,-0.5,3.0,3.0,0.0
488,-6.5,-1.5,-1.5,7.0,2.5,-1.5,1.0,3.0,3.5,0.5
489,-6.5,-2.5,-2.5,5.0,1.5,-2.5,0.5,2.5,2.5,0.0
490,-3.5,-2.5,-1.0,5.5,2.5,-2.0,1.5,4.0,3.0,1.0
491,-6.0,-3.0,-2.0,5.0,1.5,-3.0,1.0,3.0,2.0,-0.5
492,-6.0,-3.5,-2.5,4.5,1.5,-2.5,0.5,3.5,2.5,-0.5
493,-6.0,-2.5,-2.5,5.0,2.0,-2.5,0.5,2.5,2.0,-0.5
494,-5.5,-3.0,-1.5,5.5,2.0,-2.0,1.0,3.5,3.0,-0.5
495,-6.0,-3.0,-2.5,4.5,2.5,-3.0,0.5,3.0,3.0,0.5
496,-5.0,-3.0,-2.0,6.0,2.0,-2.5,0.5,2.5,2.5,0.0
497,-6.5,-3.0,-3.0,5.0,1.5,-3.0,0.0,2.5,2.5,-0.5
498,-5.5,-2.5,-1.5,5.5,2.0,-2.5,1.0,3.5,3.0,0.0
499,-5.5,-2.5,-2.0,5.0,1.0,-2.0,1.5,3.0,2.0,-0.5
500,-5.0,-4.5,-2.5,5.0,2.0,-4.0,2.0,2.5,3.0,0.0
501,-5.5,-3.0,-2.0,4.5,2.5,-3.5,1.0,3.0,3.0,1.5
502,-5.5,-3.5,-3.5,4.5,2.5,-2.0,1.0,2.0,5.0,1.0
503,-6.5,-4.0,-3.5,4.5,2.0,-2.5,1.0,1.0,3.0,0.5
504,-6.0,-3.0,-2.0,4.0,2.0,-3.0,0.5,3.5,5.0,2.5
505,-5.5,-3.0,-1.5,6.0,3.5,-2.0,2.0,3.0,4.5,1.0
506,-6.0,-4.0,-2.0,5.0,2.5,-2.5,1.0,2.5,3.0,0.0
507,-6.5,-4.0,-3.5,4.5,2.0,-3.0,0.0,2.5,3.5,0.0
508,-5.0,-2.5,-1.5,6.0,3.0,-1.5,1.5,2.5,3.5,0.5
509,-6.5,-3.5,-2.5,4.5,2.5,-3.0,1.0,2.0,2.0,0.0
510,-6.5,-4.5,-2.0,4.0,3.0,-3.5,1.5,2.5,2.5,1.0
511,-6.0,-3.5,-1.0,4.0,2.5,-2.0,1.5,3.0,4.5,2.0
512,-2.5,-1.5,-3.0,3.0,3.0,-1.0,1.5,0.5,3.0,3.5
513,-6.0,-2.0,-3.5,4.5,3.0,-3.5,1.0,1.5,3.0,2.0
514,-6.5,-3.5,-2.0,4.5,2.5,-2.5,1.0,3.0,3.0,1.0
515,-6.0,-3.0,-2.0,5.0,3.0,-2.0,2.0,2.5,3.5,2.0
516,-5.5,-2.5,-2.0,5.5,3.0,-2.0,1.0,3.0,3.5,1.5
517,-6.5,-3.5,-2.5,4.5,2.5,-2.5,0.5,2.5,3.5,1.0
518,-6.5,-3.0,-1.5,5.0,3.0,-2.0,1.5,3.0,3.0,1.5
519,-6.5,-3.5,-2.5,4.0,2.5,-2.5,1.0,2.5,3.0,0.5
520,-5.0,-3.5,-2.5,4.5,2.0,-1.0,3.5,2.5,4.0,1.5
521,-6.5,-3.0,-2.0,4.5,2.5,-1.0,1.0,2.5,3.0,2.0
522,-6.0,-2.5,-2.5,4.5,3.0,-1.5,1.0,3.5,5.5,2.5
523,-6.0,-3.5,-2.5,5.0,3.0,-2.5,0.5,2.5,2.5,1.5
524,-6.0,-4.0,-1.5,5.5,2.5,-2.0,0.5,3.0,2.5,1.0
525,-4.5,-2.0,-1.5,5.0,2.5,-1.0,1.0,3.5,4.0,4.0
526,-6.0,-3.5,-2.5,5.0,2.5,-2.5,0.5,2.5,3.5,1.0
527,-6.0,-3.0,-2.5,5.5,3.0,-2.5,1.0,3.0,4.0,2.0
528,-4.0,-2.5,-1.5,4.5,1.5,1.0,-0.5,3.0,5.0,2.5
529,-7.5,-4.0,-3.0,4.0,1.5,-3.5,0.5,2.5,2.5,2.0
530,-6.5,-4.5,-3.5,4.5,2.5,-3.5,0.5,2.5,2.0,0.0
531,-6.5,-3.5,-2.5,5.5,2.0,-4.0,0.5,2.5,2.0,0.0
532,-7.0,-3.5,-3.5,5.5,2.5,-2.5,0.0,2.5,2.5,0.5
533,-6.5,-3.0,-3.5,5.0,2.0,-3.5,0.5,1.5,2.5,0.0
534,-6.0,-3.0,-2.0,5.0,2.5,-3.0,0.5,3.0,3.0,0.5
535,-7.0,-3.5,-3.0,5.5,2.5,-3.0,0.5,2.5,2.5,0.5
536,-6.0,-3.5,-3.0,5.5,2.5,-2.5,0.5,2.5,3.0,0.5
537,-7.0,-4.0,-3.5,4.5,2.0,-3.5,-0.5,2.5,2.5,0.0
538,-6.5,-4.0,-1.5,4.0,1.0,-4.0,0.5,1.5,2.5,0.0
539,-7.0,-3.0,-3.0,5.0,2.5,-2.5,0.5,2.5,2.0,-0.5
540,-6.0,-4.0,-2.5,4.5,3.5,-2.5,0.0,4.5,4.5,1.5
541,-7.0,-4.5,-2.0,4.5,2.0,-2.0,0.5,3.0,2.5,0.5
542,-6.5,-4.0,-1.5,5.0,2.5,-1.5,0.5,3.5,3.0,0.5
543,-6.0,-3.0,-2.0,5.5,2.5,-2.5,0.5,3.0,3.0,0.5
544,-5.5,-3.0,0.5,7.0,3.0,-1.5,1.0,4.5,3.5,1.5
545,-6.5,-4.0,-1.5,5.5,3.0,-2.0,1.0,3.5,3.0,0.5
546,-6.5,-3.5,-2.0,5.0,2.5,-3.0,0.0,3.5,3.5,0.0
547,-7.0,-4.0,-2.5,5.0,2.5,-2.5,0.0,3.5,3.0,0.0
548,-6.0,-3.0,-0.5,6.0,3.0,-2.0,0.5,3.5,3.0,0.5
549,-7.0,-3.5,-2.0,4.5,2.5,-2.5,0.5,3.0,2.5,0.0
550,-6.0,-4.5,-1.0,5.5,2.5,-2.0,1.5,4.0,3.5,0.5
551,-6.0,-3.5,-1.0,5.5,3.5,-2.5,2.0,3.0,3.5,1.0
552,-6.0,-2.5,-1.5,5.5,3.5,-1.5,2.0,3.5,5.0,2.0
553,-6.5,-3.0,-2.5,5.5,2.5,-3.0,1.0,2.5,3.0,0.5
554,-6.0,-4.0,-1.0,5.5,2.5,-2.5,1.0,3.5,3.0,0.5
555,-7.5,-3.5,-1.5,5.0,3.5,-3.5,1.0,3.0,5.5,0.5
556,-6.0,-3.0,-1.5,6.0,3.0,-3.0,1.0,3.5,4.0,1.0
557,-7.5,-4.5,-2.5,5.0,2.0,-3.0,0.0,3.0,3.0,0.5
558,-6.5,-2.0,-1.5,5.5,3.0,-3.0,1.0,3.5,5.0,1.0
559,-7.0,-3.5,-1.5,5.5,3.0,-3.0,1.0,3.0,3.0,0.0
560,-5.5,-3.5,-1.0,6.5,3.0,-2.5,1.0,3.0,2.5,0.5
561,-7.0,-4.0,-2.0,4.5,2.0,-3.5,0.5,2.5,2.5,1.0
562,-6.0,-3.5,-1.5,5.5,2.5,-2.0,1.0,3.0,3.5,1.0
563,-6.5,-3.5,-2.5,5.5,2.5,-3.0,0.0,1.5,2.5,0.0
564,-6.0,-3.5,-1.5,5.5,2.0,-3.0,0.5,3.0,3.0,0.0
565,-6.5,-3.5,-1.5,6.0,2.5,-2.5,1.0,2.5,3.0,0.5
566,-6.5,-3.0,-2.0,6.0,2.5,-3.0,1.0,3.0,3.5,0.0
567,-7.0,-3.5,-3.0,5.0,2.0,-4.0,0.0,2.5,3.5,0.0
568,-6.0,-3.0,-1.5,6.0,2.5,-3.0,1.0,2.5,3.0,0.0
569,-6.5,-3.0,-1.5,5.5,2.5,-2.5,1.0,3.0,2.5,-0.5
570,-6.5,-4.0,-2.0,5.5,3.0,-3.0,0.5,4.0,3.5,0.5
571,-7.5,-4.5,-2.0,5.0,2.5,-3.0,0.0,3.5,2.5,0.5
572,-6.0,-3.5,-2.0,5.5,3.0,-2.0,0.5,4.0,3.5,1.0
573,-6.5,-3.5,-3.0,5.5,3.0,-3.5,0.0,3.0,3.0,0.5
574,-6.0,-4.0,-1.5,5.0,2.5,-2.5,0.0,3.5,3.5,0.5
575,-6.5,-3.5,-1.5,6.0,3.0,-3.0,0.5,3.5,4.0,1.0
576,-6.5,-2.5,-2.5,4.5,3.0,-4.5,0.5,2.0,4.0,2.5
577,-7.5,-4.0,-3.0,4.5,2.0,-3.5,-0.5,2.5,3.5,0.5
578,-6.5,-3.0,-1.5,6.0,3.0,-2.5,0.5,3.0,3.5,0.5
579,-7.5,-3.5,-2.5,4.5,2.5,-3.5,0.0,2.5,3.0,0.0
580,-7.0,-3.5,-1.5,5.5,3.0,-3.0,1.0,3.0,2.5,0.0
581,-7.5,-4.5,-1.5,4.5,2.0,-3.5,0.5,2.0,2.0,0.0
582,-7.0,-3.0,-1.5,5.0,3.0,-3.0,1.0,3.5,4.0,1.0
583,-6.5,-3.0,-1.5,5.5,2.5,-3.0,0.5,2.0,2.5,0.5
584,-5.5,-3.0,0.0,6.5,3.0,-2.0,0.5,3.0,3.0,1.0
585,-6.5,-2.5,-1.5,5.5,3.0,-3.5,0.5,3.0,3.5,1.0
586,-6.0,-2.5,-1.5,6.0,3.0,-3.0,0.5,2.5,3.5,0.5
587,-6.5,-3.5,-2.0,5.5,2.5,-3.0,0.0,3.0,3.0,0.5
588,-6.0,-1.5,-1.0,6.0,2.5,-2.5,1.5,2.5,4.0,1.0
589,-7.0,-3.0,-1.5,5.0,2.0,-3.0,0.5,2.5,2.5,-0.5
590,-6.0,-4.0,-1.5,4.5,2.5,-2.5,1.0,3.0,2.5,-1.0
591,-7.0,-4.0,-2.0,4.0,2.5,-3.0,0.5,2.5,2.5,0.0
592,-6.0,-3.5,-1.5,5.0,3.0,-1.5,1.0,3.0,3.0,0.5
593,-6.5,-3.0,-2.0,5.0,3.0,-2.5,0.5,2.5,2.0,-0.5
594,-6.0,-2.5,-1.5,4.0,3.0,-3.0,0.5,4.0,4.5,1.0
595,-6.5,-3.5,-1.5,5.0,3.0,-2.5,1.0,3.0,3.0,-0.5
596,-6.5,-3.0,-1.5,5.0,2.5,-2.5,1.0,3.0,3.0,-0.5
597,-7.0,-3.5,-3.0,4.5,2.5,-3.5,0.0,2.5,2.5,-0.5
598,-6.5,-3.0,-1.5,5.0,2.5,-2.5,1.0,2.5,3.0,-0.5
599,-7.5,-3.5,-2.0,5.0,2.5,-2.0,1.0,2.5,2.5,-2.0
600,-6.5,-4.0,-2.0,4.0,1.5,-6.0,1.0,3.5,2.5,-0.5
601,-8.0,-5.0,-2.5,3.0,1.0,-4.5,0.0,2.0,1.0,0.5
602,-7.0,-3.5,-2.5,4.0,2.5,-3.0,1.0,3.5,3.5,1.0
603,-7.0,-4.0,-3.5,4.0,2.0,-4.5,0.0,1.0,2.0,0.0
604,-6.5,-4.0,-1.5,5.0,2.0,-2.5,0.5,3.5,2.0,1.0
605,-7.5,-4.5,-2.0,4.0,2.5,-3.0,1.0,2.5,2.5,0.5
606,-8.0,-4.5,-2.5,4.5,1.0,-5.5,0.5,2.5,4.0,0.0
607,-7.5,-4.0,-3.0,4.0,1.5,-3.5,0.5,2.5,3.0,0.0
608,-7.0,-3.0,-1.5,5.0,2.5,-3.0,1.5,2.5,3.0,0.5
609,-7.0,-4.0,-2.5,3.5,1.5,-3.5,0.0,2.0,2.5,-0.5
610,-7.5,-5.0,-1.5,4.5,1.5,-4.0,0.5,3.5,2.0,0.5
611,-7.0,-4.0,-0.5,5.0,2.0,-3.5,0.5,3.0,3.0,0.5
612,-6.5,-3.5,-1.5,4.5,2.5,-4.0,1.0,3.5,4.0,2.5
613,-6.0,-3.5,-1.0,6.0,3.0,-3.0,1.5,3.5,2.5,1.0
614,-7.0,-4.0,-1.5,5.0,1.5,-3.0,0.5,3.0,2.5,1.0
615,-7.5,-3.5,-2.5,4.5,2.5,-3.5,0.5,3.5,3.0,1.5
616,-7.0,-2.5,-1.5,5.5,2.5,-4.0,1.0,3.0,5.0,2.5
617,-7.0,-4.0,-3.0,5.0,2.0,-3.0,0.5,3.0,3.0,1.0
618,-8.0,-3.5,-1.5,5.0,2.0,-3.5,2.0,3.5,4.0,1.5
619,-7.0,-5.0,-1.5,4.5,1.5,-2.5,1.0,3.0,2.0,0.0
620,-7.0,-5.0,-2.5,4.5,2.0,-2.5,0.5,4.0,2.5,0.5
621,-8.0,-4.5,-3.0,3.5,1.5,-3.5,0.0,3.0,2.0,0.5
622,-6.5,-3.5,-2.0,5.0,2.5,-2.0,1.0,4.0,3.5,1.5
623,-7.0,-4.0,-3.0,5.0,2.5,-3.5,0.0,2.5,2.0,0.5
624,-7.0,-4.5,-2.5,4.5,2.0,-4.0,0.0,3.0,2.5,1.0
625,-6.0,-5.5,-2.5,3.0,1.0,-3.5,1.0,1.0,1.5,3.0
626,-7.0,-2.5,-5.5,2.0,-0.5,-5.0,4.0,0.0,1.5,1.0
627,-7.5,-4.5,-4.0,4.0,1.5,-4.0,0.0,2.5,2.5,0.0
628,-7.5,-4.0,-2.5,4.5,2.0,-3.0,0.5,2.5,3.0,0.5
629,-7.0,-3.5,-2.5,5.0,2.0,-3.0,0.5,2.5,2.5,0.5
630,-6.0,-4.0,-3.5,4.0,2.5,-4.0,0.0,3.5,3.0,0.5
631,-7.0,-4.5,-3.0,4.5,1.5,-3.5,-0.5,2.5,1.5,0.0
632,-6.5,-3.5,-3.5,5.0,2.0,-3.5,0.0,3.0,2.0,0.5
633,-7.0,-3.0,-3.5,5.5,1.5,-4.5,0.0,2.0,3.0,-0.5
634,-6.0,-3.5,-2.5,5.0,1.5,-3.5,0.0,3.5,2.5,0.0
635,-6.5,-3.0,-2.5,5.0,2.5,-3.0,0.0,3.0,3.0,0.0
636,-7.0,-3.5,-3.0,5.0,1.5,-4.0,0.0,2.5,3.5,0.0
637,-7.0,-4.0,-2.5,4.5,1.5,-3.5,-0.5,3.0,3.0,0.5
638,-6.5,-3.5,-2.5,5.0,1.5,-3.5,0.0,2.5,2.5,-0.5
639,-6.5,-3.0,-3.0,5.0,2.0,-3.0,0.0,2.5,3.0,-0.5
640,-4.0,-2.0,-0.5,4.0,3.5,-2.0,1.5,3.0,2.5,2.0
641,-7.5,-4.5,-2.0,4.5,1.5,-2.5,0.5,3.0,2.0,0.0
642,-6.0,-3.0,-2.5,4.5,2.0,-2.5,1.0,4.0,3.5,1.0
643,-6.5,-3.5,-2.5,5.0,1.5,-3.0,0.0,3.0,1.5,0.0
644,-5.5,-2.5,-0.5,6.5,2.0,-2.0,1.0,4.5,3.0,0.5
645,-7.0,-4.0,-2.5,4.5,2.0,-4.0,0.0,3.5,2.5,0.5
646,-6.5,-3.5,-2.0,5.5,2.0,-3.0,1.0,4.0,3.5,0.5
647,-6.5,-3.0,-2.5,5.5,2.5,-3.0,0.5,3.5,3.0,0.5
648,-6.5,-2.0,-1.5,4.5,2.5,-4.0,0.0,3.5,3.5,1.0
649,-6.0,-3.0,-1.5,5.5,2.5,-2.0,1.0,3.5,2.5,0.5
650,-6.0,-4.5,-2.5,4.5,2.5,-3.0,0.5,4.5,3.0,0.0
651,-7.5,-4.5,-3.0,4.0,2.0,-4.0,0.5,3.0,2.5,0.5
652,-6.5,-3.5,-2.5,5.0,2.5,-2.5,1.0,3.5,3.0,1.0
653,-7.0,-4.0,-3.0,4.5,2.0,-3.5,0.0,2.5,2.0,0.0
654,-7.0,-4.0,-2.5,4.5,1.5,-4.0,0.0,3.5,3.0,0.0
655,-7.0,-4.0,-2.0,5.0,2.5,-2.5,1.0,3.5,3.5,0.5
656,-6.5,-3.5,-1.5,6.0,2.5,-2.5,1.0,3.5,3.0,0.5
657,-7.0,-3.5,-3.5,4.5,2.0,-4.0,0.0,3.0,3.5,0.5
658,-7.0,-3.5,-2.0,5.0,2.5,-3.0,0.5,3.5,3.5,0.0
659,-7.5,-4.0,-2.5,4.5,2.0,-3.0,0.5,3.0,2.5,0.0
660,-7.0,-4.5,-2.0,4.5,1.5,-4.0,1.0,4.0,4.0,-0.5
661,-7.5,-4.5,-2.0,4.5,1.5,-4.5,0.5,3.0,2.5,0.0
662,-7.0,-3.5,-2.5,5.0,2.0,-3.0,1.0,3.5,4.0,0.0
663,-7.0,-4.0,-3.5,5.0,1.5,-4.5,0.0,2.0,3.0,-0.5
664,-6.0,-3.5,-1.5,6.0,2.0,-3.0,1.0,4.0,3.0,0.0
665,-7.0,-3.5,-2.0,5.5,2.0,-3.0,1.0,4.0,3.5,0.0
666,-10.5,-3.5,-6.5,3.0,-2.5,-10.5,-2.5,-2.0,3.0,-3.0
667,-7.0,-3.5,-3.0,5.0,1.5,-4.0,0.5,3.0,4.0,-0.5
668,-7.0,-3.0,-2.0,5.5,1.5,-4.0,1.0,3.5,3.5,-1.0
669,-7.5,-3.5,-2.5,5.0,1.5,-4.0,1.0,3.0,3.5,-1.0
670,-6.5,-4.5,-2.5,5.0,1.5,-3.5,0.0,4.5,2.5,-0.5
671,-7.0,-4.5,-2.5,4.5,2.0,-4.0,0.5,3.5,2.0,-0.5
672,-5.5,-3.5,-2.0,5.5,2.5,-3.5,1.0,4.0,3.5,1.5
673,-7.0,-4.5,-3.5,4.5,1.5,-4.5,-0.5,3.0,1.5,-1.0
674,-6.5,-4.0,-2.5,4.5,1.5,-3.5,-0.5,3.5,2.5,-1.0
675,-7.0,-3.5,-3.5,4.0,2.0,-4.5,-0.5,3.5,3.5,0.0
676,-5.5,-4.0,-2.5,4.5,0.5,-4.0,-0.5,2.5,5.0,2.5
677,-7.0,-4.0,-3.5,4.5,1.0,-4.5,-0.5,3.5,3.0,-1.0
678,-7.0,-3.5,-3.0,5.0,2.0,-4.5,-0.5,3.5,3.5,-1.0
679,-7.0,-4.5,-3.0,4.5,1.5,-4.0,-0.5,3.0,2.0,-1.5
680,-6.5,-4.0,-1.5,5.0,2.0,-3.5,1.0,4.0,2.5,-0.5
681,-7.5,-4.0,-2.0,4.0,1.5,-4.0,0.5,3.0,2.5,0.0
682,-5.5,-3.5,-2.5,4.0,0.5,-4.5,-2.5,-0.5,1.5,0.0
683,-7.0,-3.5,-2.0,4.5,1.5,-4.0,0.5,2.5,2.0,-1.0
684,-6.5,-3.5,-1.5,4.5,1.5,-4.0,0.5,3.5,3.0,0.0
685,-7.0,-3.5,-1.5,5.0,2.0,-3.5,0.5,3.5,3.0,0.0
686,-6.5,-2.0,-2.0,4.0,1.5,-3.0,2.5,2.0,4.0,-0.5
687,-7.0,-3.5,-3.0,4.5,1.5,-4.0,0.5,3.0,3.0,-0.5
688,-6.0,-2.0,-1.0,6.0,2.0,-1.5,1.5,2.5,3.0,-0.5
689,-7.0,-3.0,-1.5,4.5,1.5,-3.5,1.0,3.0,2.5,-1.0
690,-6.0,-5.0,-2.5,3.0,1.0,-4.5,0.5,3.5,2.0,-2.5
691,-7.5,-5.5,-3.0,3.0,0.5,-5.0,0.5,2.0,0.5,-2.0
692,-6.5,-4.5,-2.5,4.0,1.5,-3.5,0.5,3.0,2.0,-1.0
693,-6.5,-4.0,-3.5,4.5,1.5,-5.0,0.5,2.0,2.0,-1.5
694,-6.5,-5.0,-2.5,3.5,1.0,-4.0,0.5,3.0,2.0,-1.5
695,-7.5,-5.0,-3.0,4.0,1.5,-4.0,0.5,3.0,2.0,-2.0
696,-7.0,-4.0,-2.5,4.5,1.5,-5.0,1.0,3.0,4.0,-1.0
697,-7.0,-4.5,-3.0,4.5,1.5,-4.0,0.5,3.0,3.0,-1.5
698,-7.0,-4.5,-2.5,4.0,1.0,-4.0,0.5,2.5,2.0,-2.5
699,-7.5,-5.0,-3.0,3.5,0.0,-4.5,0.5,3.0,2.0,-3.0
700,-8.5,-5.5,-3.5,3.5,0.0,-5.5,-2.0,2.0,2.0,-3.0
701,-8.0,-4.5,-2.5,4.5,2.0,-3.0,-0.5,3.0,2.5,-0.5
702,-7.0,-3.0,-2.0,5.5,2.0,-2.5,-0.5,4.0,4.5,0.5
703,-7.5,-4.0,-3.5,5.0,1.5,-4.0,-0.5,2.5,2.0,-1.0
704,-5.5,-2.5,0.0,7.0,2.5,-1.5,0.0,4.0,3.5,1.0
705,-8.5,-4.5,-3.0,4.5,2.0,-3.5,-0.5,2.5,3.0,-0.5
706,-7.5,-3.5,-2.5,6.0,1.5,-3.5,0.0,3.5,3.5,-1.5
707,-7.5,-2.0,-3.5,4.5,0.0,-3.0,-1.0,1.5,5.0,-0.5
708,-6.5,-2.0,-1.5,6.0,2.0,-2.5,0.0,3.0,4.0,-1.0
709,-8.0,-4.0,-3.0,4.0,1.0,-3.5,-1.0,2.5,2.5,-2.0
710,-6.5,-4.5,-1.0,6.5,1.0,-3.0,0.5,3.0,4.0,1.0
711,-7.5,-4.0,-1.5,6.0,1.0,-3.0,1.0,4.0,3.0,1.5
712,-7.5,-4.5,-2.0,5.0,1.5,-3.0,0.0,3.0,3.0,0.5
713,-8.0,-3.0,-3.0,5.5,2.5,-3.5,0.0,2.5,2.5,-0.5
714,-7.0,-3.5,-1.5,5.5,2.0,-2.5,-0.5,4.0,4.5,0.0
715,-8.5,-4.5,-2.5,4.5,1.5,-4.0,-0.5,3.0,2.5,-0.5
716,-7.5,-4.0,-2.0,6.0,2.0,-3.5,-0.5,3.5,3.5,-0.5
717,-9.0,-4.0,-3.5,5.0,1.0,-4.0,-1.5,2.5,5.0,-0.5
718,-9.0,-4.0,-2.0,5.0,2.5,-2.5,-0.5,3.0,4.0,-0.5
719,-8.5,-4.5,-2.5,5.0,1.5,-3.5,-0.5,3.0,2.5,-1.5
720,-6.5,-4.0,-6.0,2.5,2.0,-4.5,-1.5,5.5,5.0,0.5
721,-8.5,-5.0,-2.5,5.0,2.0,-2.5,-1.0,3.5,2.5,0.0
722,-7.5,-3.5,-2.5,5.5,2.5,-2.0,0.0,4.0,4.5,0.0
723,-8.5,-4.0,-4.0,4.5,1.5,-4.0,-1.5,2.0,2.5,-1.0
724,-6.5,-3.5,-1.5,5.0,2.0,-2.5,-0.5,4.0,3.0,0.5
725,-8.0,-4.0,-2.5,4.5,2.0,-2.5,-1.0,3.0,3.0,0.5
726,-8.0,-3.5,-3.5,4.5,2.0,-4.0,-1.0,3.0,3.5,-0.5
727,-9.0,-4.5,-2.5,5.0,1.5,-3.0,-1.5,2.0,4.0,-0.5
728,-7.5,-3.0,-1.5,5.5,2.0,-3.0,0.0,2.5,3.0,-0.5
729,-8.5,-3.5,-3.0,2.0,1.0,-4.5,-1.0,0.5,1.5,-0.5
730,-7.5,-4.0,-3.0,4.5,2.0,-4.0,-1.0,3.5,2.5,-0.5
731,-7.5,-4.0,-3.0,5.0,2.5,-4.0,1.0,3.0,2.0,-0.5
732,-8.5,-4.0,-4.0,4.5,1.5,-4.5,-1.5,2.5,2.0,-1.0
733,-7.5,-3.5,-3.5,5.0,1.5,-4.5,-0.5,2.5,2.5,-1.0
734,-7.5,-3.5,-2.5,5.5,2.0,-3.5,-1.0,4.0,2.5,-1.0
735,-8.5,-4.0,-3.5,4.5,2.0,-4.5,-1.5,3.0,3.0,-1.0
736,-7.0,-3.5,-2.5,6.0,2.0,-3.5,-1.0,3.5,2.5,-0.5
737,-8.5,-4.5,-3.0,6.5,2.0,-4.0,-1.0,3.0,2.5,-2.0
738,-8.0,-3.0,-3.0,5.0,1.5,-4.5,-1.0,3.5,3.0,-1.0
739,-8.0,-4.0,-3.0,4.5,1.5,-4.0,-1.0,3.0,2.0,-1.5
740,-7.5,-5.0,-1.0,5.0,1.5,-3.0,0.0,4.5,3.0,-1.0
741,-8.0,-4.0,-2.0,4.5,1.5,-3.0,0.0,3.5,3.0,-0.5
742,-7.5,-4.0,-2.0,4.5,1.5,-3.0,-0.5,4.5,3.5,-0.5
743,-7.5,-3.5,-2.0,5.0,2.0,-3.0,-0.5,3.5,3.0,-1.0
744,-6.5,-3.0,-0.5,6.0,2.0,-3.0,-0.5,4.0,6.0,0.5
745,-8.0,-4.5,-2.0,5.5,2.0,-3.0,-0.5,4.0,3.0,-0.5
746,-8.0,-4.5,-2.5,5.0,1.0,-3.5,-1.0,3.5,3.0,-1.5
747,-9.5,-5.5,-0.5,5.0,0.5,-4.0,-0.5,3.5,3.0,-2.5
748,-7.5,-3.5,-1.0,6.0,2.0,-3.5,-0.5,3.5,3.5,-1.0
749,-8.5,-4.5,-2.5,4.5,1.5,-3.5,-1.0,3.0,3.0,-1.5
750,-7.0,-4.5,-3.0,4.5,2.0,-5.0,-1.0,3.0,3.5,-0.5
751,-8.5,-5.0,-3.0,4.5,2.0,-4.0,0.0,2.0,2.5,-0.5
752,-7.5,-3.5,-2.0,6.0,3.0,-3.0,0.5,3.0,4.0,0.5
753,-7.5,-4.0,-2.5,5.5,2.5,-4.0,0.0,2.0,3.0,-0.5
754,-7.5,-4.5,-1.5,5.0,2.0,-3.5,-0.5,3.5,3.5,-0.5
755,-8.0,-4.0,-2.5,5.5,2.0,-3.5,0.0,2.5,4.0,0.0
756,-7.5,-4.0,-3.0,5.0,2.0,-5.0,-1.0,2.5,4.5,-0.5
757,-8.0,-5.0,-2.0,6.0,2.0,-3.0,-1.5,2.5,4.0,0.0
758,-8.0,-3.5,-1.5,6.0,2.5,-3.5,-0.5,3.0,3.5,-0.5
759,-8.5,-4.0,-2.5,5.0,2.0,-4.0,-0.5,2.5,3.0,-1.5
760,-7.0,-4.5,-1.5,6.0,1.5,-3.5,0.0,4.0,3.5,-0.5
761,-8.5,-4.5,-2.5,4.5,1.0,-4.0,-0.5,2.5,2.5,-1.0
762,-7.5,-4.5,-2.0,5.0,2.5,-4.5,-0.5,4.0,3.5,0.0
763,-7.5,-4.0,-2.5,5.5,2.0,-4.0,-0.5,3.0,2.5,-1.0
764,-6.5,-4.0,-1.5,6.0,1.5,-3.5,-0.5,4.0,3.0,-0.5
765,-8.0,-3.5,-3.0,5.0,1.5,-4.0,-1.0,3.5,4.0,-0.5
766,-7.5,-3.5,-2.5,5.5,1.0,-4.0,-0.5,3.5,4.0,-1.0
767,-8.0,-4.5,-2.0,6.0,1.5,-3.5,-0.5,3.5,4.0,-1.5
768,-6.0,-2.5,-2.5,5.0,3.0,-3.0,0.5,2.5,4.0,1.0
769,-8.0,-4.0,-2.5,5.0,1.5,-3.5,-0.5,3.0,2.5,-1.5
770,-7.0,-3.5,-1.5,5.5,1.0,-3.5,-0.5,3.5,4.5,-0.5
771,-8.5,-3.5,-3.0,5.0,1.0,-4.5,-0.5,2.5,3.5,-1.0
772,-8.0,-4.0,-2.5,5.0,1.5,-3.0,-0.5,3.0,3.5,-1.0
773,-7.5,-2.5,-3.0,6.0,2.0,-4.0,-0.5,2.5,3.5,-0.5
774,-8.0,-3.0,-2.0,5.0,1.5,-4.0,-1.0,3.5,4.5,-0.5
775,-8.5,-3.5,-2.5,5.0,1.5,-3.5,-1.0,2.5,4.0,-0.5
776,-6.5,-4.5,-2.0,6.5,0.5,-3.0,-0.5,2.0,4.0,-0.5
777,-10.0,-3.0,-4.0,5.0,1.0,-5.0,-0.5,0.0,6.0,-2.0
778,-7.5,-2.5,-1.5,6.0,1.5,-3.5,-0.5,2.5,4.0,-1.0
779,-8.5,-4.0,-3.0,5.0,1.0,-4.0,-1.0,2.0,2.5,-2.5
780,-8.0,-4.0,-2.5,5.0,2.0,-4.5,-0.5,3.5,4.0,-1.0
781,-8.0,-3.5,-2.0,5.0,1.5,-4.0,-0.5,2.5,2.5,-0.5
782,-8.5,-4.0,-2.5,5.0,1.5,-4.0,-0.5,3.0,3.5,-1.0
783,-8.0,-3.5,-3.0,5.0,1.5,-5.0,-1.0,2.0,3.0,-1.5
784,-4.0,-3.0,-1.0,5.0,0.5,-2.5,-1.5,2.5,5.0,4.0
785,-8.0,-4.0,-2.5,5.0,1.5,-4.0,-1.0,3.0,3.5,-0.5
786,-8.0,-3.0,-0.5,7.5,3.5,-2.5,1.0,3.5,5.5,0.0
787,-8.0,-4.0,-2.0,6.0,2.0,-2.0,0.5,3.5,4.5,-1.0
788,-7.0,-2.5,-1.5,6.5,1.5,-3.5,0.0,3.0,4.0,-1.0
789,-8.0,-3.5,-3.0,5.0,1.0,-4.0,-1.5,2.0,3.0,-2.5
790,-7.0,-4.0,-2.0,4.5,1.5,-3.5,0.0,3.5,3.0,-2.0
791,-8.5,-4.0,-3.0,4.0,1.0,-4.0,-1.0,2.5,2.5,-2.0
792,-6.0,-2.5,-2.0,4.5,2.0,-3.5,-1.0,4.0,5.0,0.5
793,-7.5,-3.5,-2.5,5.5,2.0,-3.5,-0.5,2.5,2.5,-1.5
794,-7.5,-4.0,-2.0,5.0,1.0,-3.0,-1.0,3.5,3.0,-2.0
795,-8.5,-4.0,-3.0,4.0,1.5,-4.0,-0.5,2.5,3.0,-1.5
796,-7.5,-3.5,-2.5,5.0,1.5,-3.5,0.0,3.5,3.5,-2.0
797,-8.5,-4.5,-3.5,4.5,1.5,-4.0,-1.0,2.5,3.0,-2.0
798,-6.5,-2.5,-1.5,5.5,2.0,-3.0,0.5,3.5,3.5,-1.0
799,-8.5,-4.0,-3.0,4.5,1.0,-3.0,-0.5,2.5,3.0,-3.0
800,-8.0,-3.0,-2.0,4.0,1.0,-6.0,1.0,1.5,2.5,-3.5
801,-8.0,-3.0,-1.5,5.0,2.5,-4.0,1.5,2.5,2.5,-0.5
802,-8.5,-3.5,-2.5,4.5,2.0,-4.0,0.5,2.0,2.5,-1.0
803,-7.5,-3.0,-2.0,5.0,2.5,-4.0,0.5,1.5,2.0,-1.5
804,-7.5,-3.0,-0.5,5.5,2.0,-3.0,1.0,3.0,3.0,-0.5
805,-9.0,-4.5,-1.5,4.5,2.0,-3.0,0.0,1.0,2.0,-1.0
806,-8.0,-3.5,-1.5,5.0,2.0,-4.0,0.5,2.5,2.5,-1.5
807,-8.5,-3.5,-2.5,5.0,2.0,-4.0,0.5,2.0,3.0,-1.5
808,-8.5,-3.5,1.0,5.0,2.0,-3.0,1.5,0.0,1.0,-2.5
809,-8.0,-3.0,-1.5,4.0,1.5,-3.0,0.5,2.0,2.5,-1.5
810,-7.5,-3.0,-0.5,4.5,2.5,-4.0,0.5,2.5,3.5,0.0
811,-7.0,-2.0,1.0,5.5,2.5,-3.0,1.5,3.0,4.0,0.5
812,-6.5,-2.5,0.0,5.5,3.5,-2.5,1.5,3.0,3.5,1.0
813,-8.0,-2.5,-1.5,5.5,3.0,-3.5,1.0,2.0,2.0,0.0
814,-7.0,-3.0,-0.5,5.0,2.5,-2.5,1.5,3.0,2.5,0.0
815,-6.0,-2.5,0.5,5.0,3.0,-2.0,1.5,3.5,4.0,1.5
816,-7.5,-3.0,-1.5,5.0,3.0,-3.0,1.5,2.5,3.0,0.0
817,-7.5,-3.0,-2.0,5.0,2.0,-4.0,0.5,2.5,3.0,0.0
818,-8.5,-3.0,-0.5,5.5,2.5,-2.5,1.5,2.0,3.0,0.5
819,-7.5,-3.0,-2.5,3.5,1.5,-3.5,1.0,1.5,2.5,-0.5
820,-8.0,-4.0,-1.5,4.0,2.0,-3.0,1.0,3.5,2.5,-1.0
821,-8.5,-3.5,-1.5,4.5,2.0,-2.5,1.0,2.5,2.0,-0.5
822,-8.0,-3.0,-1.5,4.5,2.5,-2.5,1.5,4.0,4.0,0.0
823,-8.5,-3.5,-2.0,4.5,2.5,-3.5,0.5,2.5,1.5,-1.0
824,-7.5,-3.0,-0.5,5.5,2.5,-2.5,1.5,3.5,2.5,0.0
825,-8.0,-3.0,-1.5,4.5,2.5,-3.0,1.0,3.0,3.5,0.5
826,-7.0,-3.0,0.0,5.0,2.5,-2.0,1.5,3.0,3.5,1.5
827,-8.5,-3.5,-2.5,4.5,2.0,-3.5,0.5,2.5,2.5,-1.0
828,-8.0,-2.0,-1.5,5.0,2.5,-3.0,1.0,3.0,5.5,1.0
829,-8.5,-3.0,-1.5,4.5,2.0,-3.5,1.0,2.5,2.0,-1.0
830,-8.0,-4.0,-2.5,5.0,2.0,-4.0,0.5,2.5,2.0,-1.5
831,-8.5,-3.5,-2.5,4.5,1.5,-4.0,0.5,1.5,1.5,-1.5
832,-7.5,-2.5,-2.0,5.5,2.5,-4.0,1.0,2.0,2.0,-0.5
833,-7.5,-2.5,-2.0,6.0,2.0,-4.0,1.0,1.5,2.5,-1.5
834,-7.0,-2.5,-1.5,5.5,2.0,-3.5,1.0,3.0,2.5,-1.0
835,-8.0,-2.5,-2.0,5.0,2.5,-3.5,0.5,2.5,2.5,-1.0
836,-7.0,-2.5,-2.0,5.5,2.0,-4.0,0.5,2.5,2.5,-1.5
837,-7.5,-2.5,-3.0,5.0,2.0,-4.5,0.5,2.5,2.5,-1.0
838,-8.0,-2.0,-1.5,5.0,2.0,-4.0,1.5,2.5,3.0,-1.0
839,-8.0,-3.0,-2.0,4.5,1.5,-3.5,0.5,2.0,1.5,-1.5
840,-7.0,-4.0,-0.5,4.5,2.0,-4.0,1.0,4.0,3.0,0.0
841,-6.5,-4.0,-1.0,3.5,0.0,-3.5,0.0,2.5,4.0,1.5
842,-7.0,-3.0,-1.0,5.5,2.5,-2.5,1.0,4.0,2.5,-0.5
843,-7.0,-3.5,-1.0,5.5,2.5,-3.0,0.5,3.0,2.0,-0.5
844,-6.5,-3.0,0.5,6.0,1.5,-2.0,1.0,4.0,3.0,-0.5
845,-7.5,-3.5,-0.5,5.0,2.5,-3.0,0.5,3.5,2.5,0.0
846,-7.5,-3.0,-1.5,5.5,2.0,-3.5,0.5,3.5,2.5,-1.0
847,-7.5,-3.5,-2.0,5.0,2.0,-3.5,0.0,3.0,2.5,-0.5
848,-7.0,-3.0,0.0,6.0,2.5,-3.0,1.5,3.0,3.0,0.0
849,-7.5,-3.5,-1.5,5.0,2.0,-3.0,0.5,3.0,2.5,-1.0
850,-7.0,-3.5,-1.0,4.5,2.5,-3.0,1.0,3.0,2.5,-1.0
851,-8.0,-3.5,-1.5,5.0,2.5,-3.5,1.0,2.5,2.0,-0.5
852,-7.5,-3.0,-1.5,5.5,3.0,-3.0,2.0,2.5,2.5,0.5
853,-7.5,-3.5,-2.0,5.0,2.5,-3.5,0.5,2.0,2.0,-0.5
854,-7.0,-3.0,-0.5,5.5,2.5,-2.5,1.0,3.0,2.5,-0.5
855,-8.0,-3.0,-1.0,5.0,2.5,-3.5,1.5,3.0,3.5,0.0
856,-7.5,-2.5,-1.0,6.0,3.0,-3.0,1.0,2.5,2.5,-0.5
857,-8.0,-3.5,-2.0,5.0,2.0,-3.5,0.5,2.5,2.5,-0.5
858,-8.0,-3.0,-1.0,5.0,2.5,-3.0,1.0,2.5,3.0,0.0
859,-8.0,-3.0,-1.0,5.0,2.5,-3.5,1.0,3.0,2.0,-0.5
860,-7.5,-4.0,-1.0,5.0,2.0,-3.5,1.0,3.5,2.5,-1.0
861,-7.5,-3.5,-1.0,5.0,2.5,-3.0,1.0,3.0,2.5,-0.5
862,-7.5,-3.5,-1.5,5.0,2.5,-3.0,1.0,3.0,2.5,-0.5
863,-7.5,-3.5,-1.5,5.5,2.5,-3.5,0.5,2.5,2.5,-1.0
864,-5.5,-1.5,0.0,6.0,3.0,-3.0,1.5,4.0,4.5,2.0
865,-7.5,-3.0,-1.0,5.5,3.0,-3.0,1.5,3.5,3.0,-0.5
866,-8.0,-3.0,-1.5,5.0,2.0,-4.0,1.0,3.0,3.5,-1.0
867,-7.0,-3.5,-2.0,5.5,2.5,-3.5,0.0,3.0,3.5,-1.0
868,-7.0,-3.0,-1.0,5.5,2.0,-3.5,1.0,3.0,3.5,-0.5
869,-7.5,-3.0,-1.5,5.0,2.0,-3.0,1.5,3.0,2.5,-1.5
870,-6.5,-4.0,-2.0,4.5,2.0,-4.5,0.5,3.5,3.0,-1.0
871,-7.5,-3.5,-1.5,5.5,2.0,-3.5,0.5,3.0,2.5,-1.0
872,-6.5,-3.0,-1.5,5.5,2.5,-3.0,1.0,3.0,3.0,-0.5
873,-7.0,-3.0,-2.0,5.5,2.5,-4.0,0.5,3.0,3.0,-1.0
874,-7.0,-3.0,-1.0,5.5,2.0,-3.0,0.5,3.5,3.5,-1.0
875,-6.5,-3.5,-0.5,5.0,2.5,-3.0,0.5,3.0,3.5,0.0
876,-6.5,-3.0,-1.5,5.5,2.5,-3.5,0.5,3.5,4.0,-1.0
877,-7.5,-3.0,-2.5,5.0,1.5,-3.5,0.0,2.5,4.0,-1.0
878,-6.5,-2.5,-1.0,6.0,2.0,-3.5,1.0,3.0,3.5,-0.5
879,-7.5,-3.0,-2.0,5.0,2.0,-4.0,0.5,3.0,3.0,-1.5
880,-6.5,-2.0,0.0,5.5,2.0,-2.5,2.5,3.5,3.0,-0.5
881,-8.0,-2.5,-0.5,5.5,2.0,-2.5,2.0,2.5,2.0,-0.5
882,-7.5,-2.0,-1.5,4.5,2.0,-3.5,1.5,3.0,4.0,0.0
883,-6.5,-1.5,0.0,6.5,2.5,-2.0,2.0,3.0,3.0,0.5
884,-6.5,-2.0,0.5,6.0,1.5,-2.0,1.5,3.0,2.5,-0.5
885,-7.5,-2.0,-1.0,4.5,2.0,-3.0,1.5,3.0,3.5,0.0
886,-7.0,-2.0,-1.0,5.5,1.5,-3.0,1.5,2.5,3.5,-1.0
887,-7.0,-2.0,-1.5,5.5,1.5,-3.0,1.0,2.5,3.0,-0.5
888,-8.5,-1.5,-1.0,6.5,1.5,-3.5,2.0,0.5,4.5,-2.0
889,-7.5,-2.0,-1.0,5.0,1.0,-2.5,2.0,2.0,2.5,-1.5
890,-6.5,-3.0,-1.0,4.5,1.5,-3.0,1.5,3.0,3.0,-2.0
891,-7.0,-2.0,-1.5,4.5,1.5,-3.0,1.0,2.5,3.0,-1.0
892,-6.5,-2.0,-1.0,5.0,2.0,-2.0,1.5,3.0,3.0,-1.0
893,-7.0,-2.0,-2.0,5.0,2.0,-3.0,1.5,2.0,2.5,-1.5
894,-7.0,-2.5,-1.5,4.5,1.5,-3.0,1.0,3.0,2.5,-1.5
895,-7.5,-3.0,-1.5,4.0,2.0,-3.0,1.0,2.5,2.5,-1.5
896,-6.0,-2.0,-1.5,5.0,1.5,-2.5,1.5,2.0,2.5,-1.0
897,-7.0,-2.5,-2.0,4.5,1.5,-3.0,1.0,2.5,3.0,-1.5
898,-7.0,-1.5,-1.0,5.5,1.5,-2.5,2.0,2.5,3.5,-1.5
899,-7.5,-2.5,-1.5,5.0,1.0,-2.0,2.0,2.0,3.0,-2.0
900,-7.0,-3.5,-3.5,2.5,0.5,-5.0,0.5,2.5,2.5,-3.5
901,-7.0,-3.0,-2.5,4.5,2.5,-2.5,1.0,3.0,2.5,-1.0
902,-5.5,-2.5,-2.5,4.5,2.5,-1.0,1.0,3.5,3.5,-0.5
903,-7.0,-3.0,-3.5,4.0,2.0,-3.0,0.5,2.0,2.5,-2.0
904,-6.5,-3.0,-2.0,4.5,2.5,-1.5,0.5,3.5,2.5,-1.0
905,-8.0,-3.5,-3.5,3.5,2.0,-3.0,0.5,2.0,2.0,-1.5
906,-7.0,-3.0,-3.0,4.0,2.0,-3.0,0.5,3.0,3.0,-2.0
907,-7.0,-3.0,-3.5,4.5,1.5,-2.5,0.0,2.5,3.0,-2.0
908,-7.0,-2.0,-2.0,5.0,2.0,-2.0,0.5,2.5,3.5,-2.0
909,-7.0,-2.5,-2.5,4.5,2.0,-2.0,1.5,2.5,3.5,-1.5
910,-7.0,-3.5,-2.5,4.0,2.0,-2.5,1.0,3.0,2.5,-2.0
911,-4.0,-1.0,-1.0,5.5,1.5,-2.5,-0.5,4.0,5.0,2.5
912,-6.5,-2.5,-2.0,4.5,2.5,-2.0,1.0,3.5,3.0,1.0
913,-6.5,-2.0,-3.5,4.5,2.5,-2.5,0.5,2.5,2.5,-1.5
914,-6.5,-3.0,-2.0,4.0,2.0,-2.0,0.5,4.0,3.0,0.0
915,-7.5,-2.5,-3.0,3.5,2.5,-2.5,0.5,3.5,3.5,-1.5
916,-6.5,-2.5,-2.5,5.5,2.0,-2.5,1.5,3.5,3.5,-0.5
917,-6.5,-2.5,-3.5,4.5,2.5,-2.0,0.0,3.5,3.5,-1.5
918,-7.5,-2.0,-2.0,4.5,3.0,-1.5,1.0,3.5,4.5,-0.5
919,-6.5,-2.5,-3.0,4.0,2.0,-1.5,1.0,3.5,3.0,-1.0
920,-7.5,-4.5,-3.0,3.5,2.0,-1.5,1.0,4.0,2.0,-1.5
921,-7.5,-3.5,-3.5,3.5,2.5,-1.5,1.0,3.5,2.0,-1.0
922,-7.0,-3.0,-2.5,4.0,2.0,-1.5,1.0,4.0,3.0,-0.5
923,-7.5,-3.0,-3.5,4.0,2.0,-2.5,0.5,2.5,2.0,-1.5
924,-7.0,-3.5,-3.0,3.5,2.0,-2.5,0.0,3.5,2.5,-1.0
925,-7.0,-1.5,-3.0,4.5,2.0,-1.5,1.5,2.5,3.5,0.5
926,-7.5,-3.0,-3.5,4.0,2.0,-2.5,0.5,3.0,2.5,-1.5
927,-7.5,-2.5,-4.0,3.5,2.0,-3.0,0.5,3.0,3.0,-1.5
928,-7.5,-2.0,-2.5,4.5,2.5,-2.0,1.0,2.5,3.0,-1.0
929,-7.5,-2.5,-3.0,4.0,2.0,-2.0,1.0,2.5,2.5,-1.5
930,-7.5,-3.0,-5.0,3.5,2.5,-3.5,0.0,2.5,2.0,-2.5
931,-7.0,-2.5,-4.0,4.5,2.5,-3.0,0.5,2.5,2.0,-2.0
932,-7.0,-2.5,-4.0,4.5,2.5,-2.5,0.5,3.0,2.0,-2.0
933,-6.0,-1.5,-3.5,5.0,2.5,-2.5,0.5,2.5,3.0,-1.0
934,-6.5,-2.0,-3.0,4.5,2.5,-2.5,0.5,3.5,2.0,-2.0
935,-7.5,-2.5,-3.5,4.0,2.5,-2.5,0.0,2.5,2.5,-2.0
936,-7.0,-2.0,-4.0,4.5,2.5,-3.5,0.0,3.0,3.0,-1.5
937,-7.0,-2.5,-4.5,4.0,2.0,-3.0,0.0,3.0,2.5,-2.0
938,-7.0,-2.0,-3.0,4.5,2.0,-2.5,0.5,3.5,2.5,-1.5
939,-7.0,-2.0,-3.5,4.0,2.0,-2.5,0.0,2.5,2.0,-1.5
940,-6.5,-4.0,-2.0,4.0,2.0,-2.0,0.5,4.5,2.5,-1.5
941,-7.0,-3.5,-2.5,4.0,2.5,-1.5,0.5,3.5,2.0,-1.0
942,-7.0,-3.0,-3.0,3.5,2.0,-2.0,0.5,4.5,3.0,-1.0
943,-6.5,-2.5,-2.5,4.5,2.5,-2.0,0.5,3.5,2.0,-1.5
944,-6.0,-2.5,-1.0,5.0,2.5,-2.0,0.5,4.0,3.5,-1.0
945,-7.0,-2.5,-2.5,4.0,2.5,-2.5,0.0,4.0,3.5,-0.5
946,-6.5,-2.5,-2.0,4.5,2.5,-1.5,0.5,4.0,3.5,-1.5
947,-6.5,-2.5,-2.5,4.5,2.5,-1.5,0.5,4.0,3.5,-1.0
948,-7.0,-2.0,-2.0,4.5,2.5,-2.5,0.5,4.0,3.5,-1.0
949,-7.0,-3.0,-3.0,4.0,2.0,-2.0,0.5,3.0,2.5,-1.5
950,-7.0,-4.0,-3.0,3.5,2.5,-2.5,1.0,3.5,3.0,-2.0
951,-7.5,-3.0,-3.5,4.5,3.0,-2.5,1.0,3.0,3.0,-1.0
952,-6.5,-2.5,-3.0,4.5,3.5,-1.5,2.0,3.5,3.5,-0.5
953,-7.5,-3.0,-3.5,4.0,2.5,-3.0,0.0,2.0,2.0,-1.5
954,-7.0,-3.0,-3.0,4.0,3.0,-2.5,0.0,3.5,3.0,-1.5
955,-7.0,-2.5,-2.5,4.5,3.0,-2.0,1.0,3.0,3.5,-1.0
956,-7.0,-3.0,-2.5,4.5,2.5,-2.0,0.5,3.0,3.0,-2.0
957,-7.5,-2.5,-3.5,4.0,2.5,-2.5,0.5,3.0,3.0,-1.5
958,-7.5,-2.5,-2.5,4.5,3.0,-2.0,0.5,3.0,3.0,-1.5
959,-7.5,-3.0,-2.5,4.0,2.5,-2.0,1.0,3.0,2.5,-1.5
960,-7.5,-3.5,-3.0,3.0,3.0,-3.5,0.5,3.0,3.0,-0.5
961,-7.0,-4.0,-2.5,3.0,1.5,-2.5,-0.5,2.0,3.0,1.5
962,-7.0,-3.0,-3.5,3.5,2.5,-2.0,1.0,3.5,3.0,-1.0
963,-7.0,-2.5,-4.0,4.0,2.0,-3.5,0.0,2.0,2.5,-1.5
964,-6.5,-2.5,-1.5,5.0,2.5,-1.5,1.0,4.0,3.0,-1.0
965,-7.5,-3.0,-3.0,4.0,2.5,-2.0,1.0,3.5,3.0,-1.0
966,-7.0,-2.0,-3.0,4.5,2.5,-3.0,1.0,3.5,4.0,-1.5
967,-7.0,-3.0,-3.5,4.0,1.5,-2.5,0.5,3.0,3.0,-2.0
968,-7.0,-2.0,-2.5,5.0,2.0,-2.0,1.0,3.0,3.0,-1.5
969,-7.0,-2.5,-2.0,4.5,2.0,-2.5,1.5,3.5,3.5,-1.0
970,-7.0,-3.5,-3.0,4.0,2.0,-3.0,0.0,4.5,3.0,-2.0
971,-8.0,-3.5,-3.5,4.0,2.0,-3.0,0.0,3.5,2.0,-2.0
972,-6.5,-2.0,-3.0,4.0,2.5,-3.0,0.0,4.5,4.0,-0.5
973,-7.5,-3.0,-4.0,3.5,2.0,-3.5,-0.5,3.5,2.0,-2.0
974,-7.0,-2.5,-2.5,4.5,2.5,-2.5,-0.5,4.5,3.0,-2.0
975,-7.0,-2.5,-3.5,4.0,2.5,-3.0,0.0,3.5,3.5,-1.0
976,-6.5,-3.0,-2.5,4.5,2.5,-2.0,0.5,4.0,4.0,-1.0
977,-7.5,-2.5,-4.0,4.0,2.0,-3.0,0.0,3.0,4.5,-2.0
978,-7.5,-2.0,-3.0,3.5,2.0,-3.0,0.0,3.5,3.5,-1.5
979,-7.0,-2.5,-3.0,4.0,2.0,-2.5,0.0,3.5,3.0,-1.5
980,-7.5,-3.0,-2.5,3.5,1.5,-2.5,1.0,3.5,3.0,-2.0
981,-7.5,-2.5,-2.5,3.5,2.0,-3.0,0.5,3.0,2.5,-1.0
982,-7.5,-3.0,-2.5,4.0,2.0,-2.0,0.5,3.5,3.0,-1.5
983,-7.0,-2.5,-3.0,4.0,2.0,-3.0,0.5,2.5,2.0,-2.0
984,-6.0,-2.0,-1.0,4.5,2.0,-2.5,1.0,4.0,3.5,0.0
985,-7.5,-2.5,-3.0,3.5,2.0,-3.0,1.0,3.0,2.5,-1.0
986,-7.5,-2.5,-2.5,4.0,1.5,-3.0,0.5,3.5,3.5,-2.0
987,-7.0,-2.5,-3.5,3.5,1.5,-3.0,0.0,3.0,3.5,-2.0
988,-6.5,-2.0,-1.5,5.0,1.5,-1.5,2.0,3.5,5.5,1.5
989,-7.0,-2.0,-1.5,4.0,1.5,-2.0,1.0,3.0,3.0,-1.0
990,-6.5,-2.5,-2.5,3.5,1.0,-3.0,1.0,3.5,2.5,-1.5
991,-8.0,-3.0,-3.0,3.5,2.0,-2.5,1.0,3.0,1.5,-1.5
992,-6.5,-2.5,-2.5,4.5,2.5,-1.5,1.5,4.0,2.5,0.0
993,-7.5,-2.0,-3.5,3.5,2.5,-3.0,0.5,3.0,2.5,-1.5
994,-6.5,-2.5,-2.5,3.5,1.5,-2.5,1.0,3.5,2.5,-2.0
995,-7.5,-2.5,-3.0,3.5,2.0,-2.5,1.5,3.5,2.5,-1.5
996,-6.5,-2.5,-3.5,4.0,1.5,-3.0,2.0,3.0,3.0,-1.0
997,-8.0,-3.0,-4.0,2.0,1.0,-3.0,0.0,3.5,2.0,-1.5
998,-7.0,-1.5,-2.0,3.5,1.5,-2.0,2.0,4.0,4.0,-1.5
999,-6.5,0.0,-4.0,4.0,1.5,-3.5,0.0,1.0,4.5,-2.5
